-- MySQL dump 10.13  Distrib 8.0.23, for Win64 (x86_64)
--
-- Host: localhost    Database: vk
-- ------------------------------------------------------
-- Server version	8.0.23

/*!40101 SET @OLD_CHARACTER_SET_CLIENT=@@CHARACTER_SET_CLIENT */;
/*!40101 SET @OLD_CHARACTER_SET_RESULTS=@@CHARACTER_SET_RESULTS */;
/*!40101 SET @OLD_COLLATION_CONNECTION=@@COLLATION_CONNECTION */;
/*!50503 SET NAMES utf8mb4 */;
/*!40103 SET @OLD_TIME_ZONE=@@TIME_ZONE */;
/*!40103 SET TIME_ZONE='+00:00' */;
/*!40014 SET @OLD_UNIQUE_CHECKS=@@UNIQUE_CHECKS, UNIQUE_CHECKS=0 */;
/*!40014 SET @OLD_FOREIGN_KEY_CHECKS=@@FOREIGN_KEY_CHECKS, FOREIGN_KEY_CHECKS=0 */;
/*!40101 SET @OLD_SQL_MODE=@@SQL_MODE, SQL_MODE='NO_AUTO_VALUE_ON_ZERO' */;
/*!40111 SET @OLD_SQL_NOTES=@@SQL_NOTES, SQL_NOTES=0 */;

--
-- Table structure for table `communities`
--

DROP TABLE IF EXISTS `communities`;
/*!40101 SET @saved_cs_client     = @@character_set_client */;
/*!50503 SET character_set_client = utf8mb4 */;
CREATE TABLE `communities` (
  `id` int unsigned NOT NULL AUTO_INCREMENT COMMENT '????????????? ?????',
  `name` varchar(150) CHARACTER SET utf8mb4 COLLATE utf8mb4_unicode_ci NOT NULL COMMENT '???????? ??????',
  `created_at` datetime DEFAULT CURRENT_TIMESTAMP COMMENT '????? ???????? ??????',
  `updated_at` datetime DEFAULT CURRENT_TIMESTAMP ON UPDATE CURRENT_TIMESTAMP COMMENT '????? ?????????? ??????',
  PRIMARY KEY (`id`),
  UNIQUE KEY `name` (`name`)
) ENGINE=InnoDB AUTO_INCREMENT=101 DEFAULT CHARSET=utf8mb4 COLLATE=utf8mb4_unicode_ci COMMENT='??????';
/*!40101 SET character_set_client = @saved_cs_client */;

--
-- Dumping data for table `communities`
--

LOCK TABLES `communities` WRITE;
/*!40000 ALTER TABLE `communities` DISABLE KEYS */;
INSERT INTO `communities` VALUES (1,'voluptatem','1970-08-18 19:17:56','1977-10-21 17:05:01'),(2,'nisi','1977-01-03 09:47:03','2006-08-18 07:06:57'),(3,'est','2006-09-04 11:02:11','2004-08-22 07:45:22'),(4,'eum','1982-06-01 14:35:51','1982-06-07 10:03:37'),(5,'molestiae','1985-09-25 23:45:09','2014-03-01 15:30:39'),(6,'velit','2006-08-29 18:09:01','1995-11-01 10:28:34'),(7,'ut','2019-01-31 20:22:30','1970-06-04 15:57:23'),(8,'exercitationem','2008-03-09 04:13:16','1992-01-10 21:36:17'),(9,'modi','2003-02-07 03:40:43','2014-08-01 22:55:05'),(10,'nostrum','1988-08-30 08:51:31','1987-08-29 13:44:14'),(11,'dolorem','1988-03-28 09:34:09','1999-11-02 18:24:51'),(12,'voluptas','1984-06-01 16:20:36','2019-12-06 16:38:40'),(13,'cupiditate','2007-09-19 04:54:04','1984-08-03 23:11:45'),(14,'non','1975-04-01 22:36:07','2000-09-17 05:15:37'),(15,'quo','1996-10-13 14:08:24','1970-04-09 13:14:20'),(16,'sit','2019-09-03 13:57:49','2007-04-16 20:31:40'),(17,'aperiam','2006-09-20 12:02:39','2018-07-01 07:39:05'),(18,'omnis','2012-06-27 07:28:32','2015-09-02 00:54:32'),(19,'aspernatur','2021-03-18 12:39:42','1984-09-29 07:32:40'),(20,'iusto','1972-01-24 05:05:48','1972-10-06 13:57:33'),(21,'aut','2008-11-20 09:23:32','1989-08-26 15:27:47'),(22,'libero','1988-05-17 22:46:44','1999-11-12 07:29:03'),(23,'dignissimos','2013-02-11 15:11:07','2014-06-23 13:56:02'),(24,'nihil','1977-11-23 10:02:21','1989-08-16 08:59:56'),(25,'eos','2003-05-26 05:51:34','2005-10-30 01:35:24'),(26,'incidunt','2014-05-09 06:59:34','2019-11-22 00:16:03'),(27,'rem','2005-11-18 17:03:17','2000-06-17 23:10:01'),(28,'quae','1986-03-24 14:48:47','2000-06-01 19:09:03'),(29,'hic','2018-08-15 14:39:38','1995-02-19 15:54:37'),(30,'vel','2020-09-30 02:42:38','1974-09-23 21:28:18');
/*!40000 ALTER TABLE `communities` ENABLE KEYS */;
UNLOCK TABLES;

--
-- Table structure for table `communities_users`
--

DROP TABLE IF EXISTS `communities_users`;
/*!40101 SET @saved_cs_client     = @@character_set_client */;
/*!50503 SET character_set_client = utf8mb4 */;
CREATE TABLE `communities_users` (
  `community_id` int unsigned NOT NULL COMMENT '?????? ?? ??????',
  `user_id` int unsigned NOT NULL COMMENT '?????? ?? ????????????',
  `created_at` datetime DEFAULT CURRENT_TIMESTAMP COMMENT '????? ???????? ??????',
  PRIMARY KEY (`community_id`,`user_id`) COMMENT '????????? ????????? ????'
) ENGINE=InnoDB DEFAULT CHARSET=utf8mb4 COLLATE=utf8mb4_unicode_ci COMMENT='????????? ?????, ????? ????? ?????????????? ? ????????';
/*!40101 SET character_set_client = @saved_cs_client */;

--
-- Dumping data for table `communities_users`
--

LOCK TABLES `communities_users` WRITE;
/*!40000 ALTER TABLE `communities_users` DISABLE KEYS */;
INSERT INTO `communities_users` VALUES (1,21,'2018-04-15 18:37:14'),(1,34,'1994-05-11 02:52:25'),(2,28,'2004-08-06 22:38:11'),(2,29,'2009-07-25 15:22:50'),(2,35,'1997-10-26 08:21:40'),(2,53,'1994-05-19 22:52:26'),(2,77,'2011-03-30 12:32:35'),(2,78,'2013-08-14 09:25:37'),(4,1,'2004-05-25 11:59:53'),(4,3,'1979-01-25 01:02:03'),(4,11,'1977-01-11 10:23:22'),(4,19,'1975-05-09 20:28:37'),(4,54,'1988-06-17 23:06:59'),(5,15,'2012-01-11 23:59:30'),(5,50,'1977-02-11 07:40:53'),(5,66,'2000-10-26 18:30:31'),(6,92,'1997-08-15 02:39:24'),(7,81,'1988-10-16 11:59:23'),(7,96,'1971-09-03 12:20:46'),(8,5,'2003-07-26 01:15:47'),(8,45,'1984-06-19 03:37:43'),(8,76,'2020-09-03 13:26:36'),(8,85,'2019-07-31 20:11:47'),(8,89,'1992-12-06 22:34:47'),(9,49,'1970-11-25 01:33:18'),(9,51,'1970-10-19 17:35:20'),(9,58,'2004-04-07 00:19:54'),(9,100,'1995-04-22 12:03:11'),(10,84,'2003-03-15 05:54:44'),(11,36,'1971-11-13 19:06:24'),(11,41,'1979-07-13 04:42:31'),(11,48,'2021-01-28 00:26:25'),(11,55,'2006-09-09 23:18:18'),(11,64,'1982-04-05 03:35:47'),(11,72,'1993-05-04 17:29:57'),(11,73,'2002-05-10 12:12:45'),(12,8,'2016-11-30 15:08:31'),(12,9,'1977-02-05 12:51:16'),(12,31,'2010-04-25 02:42:29'),(12,33,'2002-04-30 09:26:22'),(12,39,'1995-06-11 23:48:05'),(12,67,'2014-06-13 14:18:54'),(12,69,'2012-02-19 00:11:24'),(13,47,'1974-03-10 14:08:15'),(13,56,'2015-11-13 08:26:34'),(13,83,'2015-05-07 18:44:11'),(14,13,'1994-10-23 19:13:46'),(14,63,'1995-10-09 22:13:26'),(14,94,'1980-05-23 13:24:43'),(15,22,'1984-05-19 16:55:25'),(15,32,'2004-08-27 20:48:19'),(15,38,'1978-05-30 08:58:13'),(15,44,'2019-01-18 12:27:04'),(15,62,'2021-02-02 14:35:00'),(16,6,'1986-06-29 14:52:15'),(16,42,'2005-09-12 15:29:31'),(16,43,'2001-05-29 19:01:25'),(16,74,'1991-06-25 10:34:59'),(16,86,'2000-07-07 14:54:14'),(16,93,'1990-08-04 11:56:01'),(16,98,'2014-03-08 16:36:11'),(17,82,'1997-10-10 09:41:28'),(17,87,'2018-12-23 04:56:38'),(18,20,'1978-10-10 11:29:02'),(18,37,'2011-02-10 07:47:01'),(18,57,'2005-12-02 02:33:07'),(18,70,'2003-12-18 08:58:51'),(18,80,'1993-02-15 16:43:02'),(18,91,'2017-10-25 20:40:07'),(19,12,'2008-05-15 09:44:21'),(19,99,'1993-01-19 08:59:28'),(20,18,'1980-06-18 11:45:50'),(20,24,'1977-03-10 14:06:06'),(20,30,'1984-12-28 08:08:19'),(20,46,'1971-11-05 10:16:13'),(20,52,'1975-06-29 02:33:51'),(20,95,'1977-09-29 14:17:15'),(21,2,'1979-10-29 05:14:01'),(21,10,'2004-07-30 02:59:55'),(21,60,'2014-04-22 14:45:09'),(23,61,'1996-07-05 05:20:26'),(23,71,'2011-05-03 15:25:40'),(24,4,'1984-10-19 15:31:06'),(24,17,'2008-06-29 11:10:20'),(24,88,'2013-01-10 08:09:48'),(25,14,'2012-09-21 21:29:27'),(25,27,'2020-09-12 18:33:01'),(26,23,'2001-05-28 22:08:08'),(26,75,'2001-04-23 06:41:34'),(27,16,'1974-11-02 12:59:19'),(27,40,'1997-02-09 17:30:01'),(27,68,'2007-08-09 17:21:46'),(28,26,'1996-06-28 14:00:41'),(28,65,'1996-07-03 02:46:19'),(29,25,'2010-11-16 20:12:05'),(29,59,'2016-05-26 16:25:58'),(29,79,'1984-01-09 21:38:01'),(29,90,'1980-09-17 01:34:03'),(30,7,'2001-02-27 09:37:01'),(30,97,'2014-10-18 00:28:15');
/*!40000 ALTER TABLE `communities_users` ENABLE KEYS */;
UNLOCK TABLES;

--
-- Table structure for table `friendship`
--

DROP TABLE IF EXISTS `friendship`;
/*!40101 SET @saved_cs_client     = @@character_set_client */;
/*!50503 SET character_set_client = utf8mb4 */;
CREATE TABLE `friendship` (
  `user_id` int unsigned NOT NULL COMMENT '?????? ?? ?????????? ????????? ?????????',
  `friend_id` int unsigned NOT NULL COMMENT '?????? ?? ?????????? ??????????? ???????',
  `friendship_status_id` int unsigned NOT NULL COMMENT '?????? ?? ?????? (??????? ?????????) ?????????',
  `requested_at` datetime DEFAULT CURRENT_TIMESTAMP COMMENT '????? ??????????? ??????????? ???????',
  `confirmed_at` datetime DEFAULT NULL COMMENT '????? ????????????? ???????????',
  `created_at` datetime DEFAULT CURRENT_TIMESTAMP COMMENT '????? ???????? ??????',
  `updated_at` datetime DEFAULT CURRENT_TIMESTAMP ON UPDATE CURRENT_TIMESTAMP COMMENT '????? ?????????? ??????',
  PRIMARY KEY (`user_id`,`friend_id`) COMMENT '????????? ????????? ????'
) ENGINE=InnoDB DEFAULT CHARSET=utf8mb4 COLLATE=utf8mb4_unicode_ci COMMENT='??????? ??????';
/*!40101 SET character_set_client = @saved_cs_client */;

--
-- Dumping data for table `friendship`
--

LOCK TABLES `friendship` WRITE;
/*!40000 ALTER TABLE `friendship` DISABLE KEYS */;
INSERT INTO `friendship` VALUES (1,2,3,'2005-03-25 17:51:00','2009-11-10 05:29:38','2009-07-15 13:47:55','2021-03-31 00:03:47'),(2,3,3,'2007-01-19 00:37:06','1976-05-10 10:09:06','2010-03-17 18:37:15','2021-03-31 00:04:11'),(3,4,1,'1980-07-01 02:31:38','1990-09-02 06:47:20','1990-01-10 09:39:45','2021-03-31 00:03:47'),(4,5,3,'1989-11-25 12:22:01','1980-02-20 23:08:55','1974-09-07 00:07:57','2021-03-31 00:04:11'),(5,6,3,'1991-07-24 06:01:39','1984-03-23 00:25:17','1974-12-06 14:22:01','2021-03-31 00:03:47'),(6,7,2,'1998-10-09 02:42:21','2002-06-08 18:58:24','1996-03-26 16:10:25','2021-03-31 00:04:11'),(7,8,2,'2003-11-12 07:33:36','1970-06-17 12:54:17','1990-05-31 12:16:09','2021-03-31 00:03:47'),(8,9,3,'2019-02-20 09:30:07','1995-05-11 17:36:19','1977-11-03 19:32:36','2021-03-31 00:04:11'),(9,10,1,'1973-03-08 11:28:27','1993-08-12 07:55:37','1972-11-15 17:31:27','2021-03-31 00:04:11'),(10,11,2,'1993-06-05 22:08:12','2005-02-07 02:01:56','1972-05-03 21:11:29','2021-03-31 00:04:11'),(11,12,3,'1991-10-26 22:06:17','1998-07-16 10:57:30','2015-06-03 18:56:05','2021-03-31 00:03:47'),(12,13,2,'1987-12-28 07:24:08','2000-05-28 23:49:09','2015-03-23 11:17:46','2021-03-31 00:03:47'),(13,14,1,'2006-01-20 08:57:49','2019-05-23 03:51:24','2019-08-17 02:05:32','2021-03-31 00:04:11'),(14,15,3,'2014-04-11 20:19:28','1996-06-13 11:56:35','1973-08-25 16:12:50','2021-03-31 00:03:47'),(15,16,1,'1987-01-12 03:18:47','2017-11-01 01:19:32','1992-12-25 21:23:18','2021-03-31 00:04:11'),(16,17,2,'2020-12-30 07:48:35','1993-02-20 00:48:47','1980-01-07 15:16:49','2021-03-31 00:03:47'),(17,18,2,'2017-09-21 19:44:07','1980-04-03 18:21:19','2017-12-07 04:10:34','2021-03-31 00:04:11'),(18,19,1,'1974-06-19 18:28:18','1992-07-06 07:02:42','2001-01-20 20:11:12','2021-03-31 00:04:11'),(19,20,1,'1997-10-05 21:32:37','1985-10-02 18:48:40','2012-05-03 11:30:35','2021-03-31 00:04:11'),(20,21,3,'2002-05-01 11:24:37','1986-09-30 17:00:44','1982-06-10 02:03:48','2021-03-31 00:04:11'),(21,22,1,'1976-06-09 18:07:05','1982-09-29 13:47:32','2002-08-13 20:03:21','2021-03-31 00:04:11'),(22,23,2,'1982-06-07 23:54:27','1979-10-09 01:04:45','2012-08-31 19:07:09','2021-03-31 00:04:11'),(23,24,1,'1984-02-02 16:20:14','1977-03-05 11:52:14','2016-08-17 17:23:22','2021-03-31 00:03:47'),(24,25,1,'1978-08-31 04:02:18','1995-12-04 15:47:42','2017-08-22 11:28:12','2021-03-31 00:03:47'),(25,26,2,'2014-10-12 01:17:51','2003-01-11 16:43:56','1994-11-15 11:52:53','2021-03-31 00:03:47'),(26,27,3,'1982-08-30 04:16:08','2018-10-07 03:36:19','1998-04-15 13:30:30','2021-03-31 00:04:11'),(27,28,2,'1981-08-01 04:47:57','1994-08-22 15:01:15','1984-09-06 23:18:24','2021-03-31 00:04:11'),(28,29,1,'2016-05-05 19:53:08','2005-12-27 05:57:28','2020-06-12 07:10:17','2021-03-31 00:04:11'),(29,30,3,'2005-04-10 15:43:52','1979-02-20 15:09:23','1977-09-05 18:27:11','2021-03-31 00:04:11'),(30,31,3,'2016-08-21 16:27:29','2011-02-10 15:54:53','1994-05-01 08:17:21','2021-03-31 00:04:11'),(31,32,2,'1984-07-12 17:34:37','2005-01-21 12:49:28','2001-03-19 11:14:00','2021-03-31 00:04:11'),(32,33,1,'1984-05-27 16:48:24','2019-05-23 13:51:14','1980-05-02 16:21:48','2021-03-31 00:04:11'),(33,34,3,'2011-07-20 16:49:48','1980-05-09 20:46:43','1989-09-29 23:26:24','2021-03-31 00:04:11'),(34,35,2,'1980-05-06 11:27:59','2000-08-31 00:11:02','1999-05-05 04:04:31','2021-03-31 00:04:11'),(35,36,1,'1991-07-25 14:27:11','2017-03-06 13:07:04','1985-05-03 22:57:10','2021-03-31 00:04:11'),(36,37,3,'1994-12-02 05:43:38','1980-01-05 08:37:10','2016-01-23 07:23:22','2021-03-31 00:04:11'),(37,38,1,'2017-05-28 18:09:29','1979-12-15 11:45:39','1999-12-20 23:47:44','2021-03-31 00:04:11'),(38,39,2,'1989-12-27 11:29:57','1986-03-22 08:47:57','2004-11-13 09:38:15','2021-03-31 00:04:11'),(39,40,3,'1997-12-02 03:12:46','2010-12-21 22:54:26','1992-12-09 19:44:40','2021-03-31 00:04:11'),(40,41,3,'1972-02-25 14:12:21','1976-09-14 01:54:09','2007-04-15 08:40:33','2021-03-31 00:04:11'),(41,42,1,'2019-04-26 05:52:42','1970-10-26 09:45:38','1975-01-27 21:54:46','2021-03-31 00:04:11'),(42,43,3,'2014-03-26 11:11:34','1973-04-03 19:38:01','2000-06-05 17:43:34','2021-03-31 00:04:11'),(43,44,3,'1970-08-20 20:51:37','2020-11-26 08:31:52','1978-10-30 04:51:07','2021-03-31 00:04:11'),(44,45,2,'1987-12-20 17:39:46','1981-04-22 19:07:41','2005-04-12 13:19:31','2021-03-31 00:04:11'),(45,46,1,'1977-06-24 04:11:26','1989-03-30 00:40:36','2018-06-17 18:00:07','2021-03-31 00:03:47'),(46,47,2,'1991-05-29 09:32:20','1991-12-17 15:11:15','1978-12-20 19:01:34','2021-03-31 00:04:11'),(47,48,2,'1994-04-08 23:41:42','1983-10-18 17:39:20','2005-07-25 16:48:18','2021-03-31 00:04:11'),(48,49,2,'1992-02-16 04:15:02','1974-01-22 10:15:58','2010-07-22 02:09:41','2021-03-31 00:04:11'),(49,50,2,'1973-05-21 19:21:54','1979-01-16 03:19:16','1988-11-18 08:19:41','2021-03-31 00:03:47'),(50,51,1,'1975-12-14 22:02:45','1993-03-29 00:04:55','2008-08-08 22:51:49','2021-03-31 00:03:47'),(51,52,2,'2009-04-14 05:21:10','1975-05-27 13:24:38','1977-07-22 22:17:55','2021-03-31 00:03:47'),(52,53,3,'1975-05-31 15:54:22','2013-07-24 16:55:29','2018-03-21 05:19:23','2021-03-31 00:04:11'),(53,54,1,'1980-11-10 15:45:16','2018-06-23 04:10:53','1971-06-19 05:01:14','2021-03-31 00:03:47'),(54,55,3,'1994-05-10 12:35:11','1973-11-03 12:14:14','2012-03-02 03:06:33','2021-03-31 00:03:47'),(55,56,2,'1977-01-29 21:19:08','2017-07-02 13:27:00','1987-04-21 08:17:06','2021-03-31 00:03:47'),(56,57,3,'1973-10-13 18:20:25','1992-05-03 02:23:30','2006-10-02 21:54:29','2021-03-31 00:03:47'),(57,58,1,'2016-10-29 06:58:27','1980-02-02 02:17:32','1982-02-05 17:47:02','2021-03-31 00:04:11'),(58,59,3,'2008-04-26 11:09:39','2012-12-19 14:39:39','1979-02-10 10:00:27','2021-03-31 00:04:11'),(59,60,3,'1985-04-10 00:42:16','1999-11-26 05:48:59','1994-12-27 23:07:50','2021-03-31 00:04:11'),(60,61,1,'1986-09-22 13:51:54','1973-05-28 13:11:40','1990-01-23 19:48:04','2021-03-31 00:03:47'),(61,62,3,'2018-05-25 20:40:36','2009-01-25 02:36:44','1986-03-13 14:40:06','2021-03-31 00:04:11'),(62,63,1,'2018-05-07 08:37:06','1976-09-11 16:07:57','1985-07-10 22:52:46','2021-03-31 00:04:11'),(63,64,3,'2009-09-20 12:19:54','1987-04-01 07:40:08','2010-11-07 19:06:20','2021-03-31 00:04:11'),(64,65,1,'1971-10-31 13:51:19','1990-11-13 04:36:48','1975-11-23 15:58:02','2021-03-31 00:04:11'),(65,66,1,'2009-01-07 09:58:41','2002-11-09 05:27:28','2008-04-12 14:11:23','2021-03-31 00:04:11'),(66,67,3,'1987-05-31 07:06:49','1997-08-07 10:08:28','1984-06-18 12:34:27','2021-03-31 00:03:47'),(67,68,2,'1970-06-21 17:53:32','2001-10-24 00:55:24','1983-03-30 07:14:09','2021-03-31 00:04:11'),(68,69,1,'1994-01-20 01:14:14','1992-09-09 03:38:18','2003-08-05 13:12:32','2021-03-31 00:03:47'),(69,70,3,'1989-11-16 01:35:29','2017-01-29 02:26:15','2010-03-09 12:13:24','2021-03-31 00:04:11'),(70,71,2,'2017-05-07 06:49:05','1990-03-05 01:21:34','2007-09-03 08:42:30','2021-03-31 00:03:47'),(71,72,1,'2009-05-29 02:19:39','2018-02-24 18:48:14','1979-05-07 20:35:19','2021-03-31 00:03:47'),(72,73,3,'1975-04-14 14:25:02','1990-06-26 08:36:19','1990-07-24 18:05:56','2021-03-31 00:04:11'),(73,74,3,'1986-12-31 08:02:41','2003-01-29 04:32:12','1994-07-10 21:51:08','2021-03-31 00:03:47'),(74,75,2,'1975-03-06 15:48:56','1975-01-07 03:25:40','2016-07-25 20:31:14','2021-03-31 00:04:11'),(75,76,2,'1995-12-13 21:14:20','2011-10-25 07:40:20','2012-07-22 09:54:29','2021-03-31 00:03:47'),(76,77,1,'2014-12-01 10:37:45','2015-12-24 05:27:36','1989-02-04 01:21:53','2021-03-31 00:03:47'),(77,78,1,'2012-07-15 19:51:45','2017-08-06 04:07:24','1989-12-22 10:01:04','2021-03-31 00:03:47'),(78,79,3,'1997-12-22 14:22:38','1988-06-26 21:16:30','1973-10-10 15:53:38','2021-03-31 00:04:11'),(79,80,1,'1972-05-17 18:50:04','1990-07-18 14:34:22','2005-06-03 01:23:27','2021-03-31 00:04:11'),(80,81,1,'2016-10-13 15:21:50','2020-03-21 23:33:58','1983-05-09 20:33:59','2021-03-31 00:03:47'),(81,82,1,'2011-07-10 10:31:20','1979-08-10 07:46:45','1972-02-24 03:02:11','2021-03-31 00:04:11'),(82,83,1,'1980-03-31 10:17:08','2012-05-11 14:53:03','1999-07-18 01:15:59','2021-03-31 00:03:47'),(83,84,3,'2004-09-17 21:45:24','1980-02-03 04:05:53','1980-06-10 10:36:24','2021-03-31 00:04:11'),(84,85,1,'1979-10-19 17:47:15','2013-04-07 19:12:23','2002-07-18 18:04:20','2021-03-31 00:04:11'),(85,86,2,'2019-01-08 06:04:41','1996-10-25 22:19:11','1991-01-26 10:44:54','2021-03-31 00:04:11'),(86,87,1,'2020-06-18 23:31:28','2017-09-08 12:22:53','1993-01-25 22:15:00','2021-03-31 00:03:47'),(87,88,3,'1987-07-24 04:09:22','2016-04-05 11:10:19','1978-10-09 20:14:28','2021-03-31 00:04:11'),(88,89,1,'1987-07-15 21:49:19','2004-05-12 03:07:17','2003-07-20 07:19:54','2021-03-31 00:03:47'),(89,90,3,'1971-03-31 03:44:11','2019-10-29 07:01:55','2011-01-08 18:51:36','2021-03-31 00:03:47'),(90,91,1,'1991-09-20 14:26:42','2019-11-15 03:17:32','1985-07-31 17:40:11','2021-03-31 00:04:11'),(91,92,3,'1995-06-08 18:36:04','2003-02-16 01:56:45','1989-08-26 18:34:33','2021-03-31 00:04:11'),(92,93,1,'1996-10-25 03:50:19','1999-04-01 15:07:25','1987-07-03 15:26:42','2021-03-31 00:04:11'),(93,94,3,'1984-03-13 00:34:53','1989-07-18 19:08:37','1992-08-07 18:36:54','2021-03-31 00:04:11'),(94,95,3,'1999-08-15 19:34:02','2012-03-19 16:49:22','1989-09-16 20:14:21','2021-03-31 00:03:47'),(95,96,3,'1972-08-06 16:10:11','2014-12-25 02:20:40','1970-08-10 03:19:32','2021-03-31 00:04:11'),(96,97,1,'1983-07-10 00:46:17','1980-08-30 12:40:55','1994-10-05 09:15:35','2021-03-31 00:03:47'),(97,98,1,'1989-11-14 17:38:54','1972-08-17 06:18:37','2012-11-19 22:08:50','2021-03-31 00:03:47'),(98,99,3,'1973-03-29 05:44:25','2015-05-11 06:44:42','1990-08-24 08:08:06','2021-03-31 00:04:11'),(99,100,2,'2014-08-09 19:53:35','1996-05-30 03:26:45','2017-01-14 16:49:51','2021-03-31 00:04:11'),(100,101,1,'1991-12-08 23:24:16','2003-06-03 05:47:51','2010-07-19 23:38:03','2021-03-31 00:04:11');
/*!40000 ALTER TABLE `friendship` ENABLE KEYS */;
UNLOCK TABLES;

--
-- Table structure for table `friendship_statuses`
--

DROP TABLE IF EXISTS `friendship_statuses`;
/*!40101 SET @saved_cs_client     = @@character_set_client */;
/*!50503 SET character_set_client = utf8mb4 */;
CREATE TABLE `friendship_statuses` (
  `id` int unsigned NOT NULL AUTO_INCREMENT COMMENT '????????????? ??????',
  `name` varchar(150) CHARACTER SET utf8mb4 COLLATE utf8mb4_unicode_ci NOT NULL COMMENT '???????? ???????',
  `created_at` datetime DEFAULT CURRENT_TIMESTAMP COMMENT '????? ???????? ??????',
  `updated_at` datetime DEFAULT CURRENT_TIMESTAMP ON UPDATE CURRENT_TIMESTAMP COMMENT '????? ?????????? ??????',
  PRIMARY KEY (`id`),
  UNIQUE KEY `name` (`name`)
) ENGINE=InnoDB AUTO_INCREMENT=4 DEFAULT CHARSET=utf8mb4 COLLATE=utf8mb4_unicode_ci COMMENT='??????? ??????';
/*!40101 SET character_set_client = @saved_cs_client */;

--
-- Dumping data for table `friendship_statuses`
--

LOCK TABLES `friendship_statuses` WRITE;
/*!40000 ALTER TABLE `friendship_statuses` DISABLE KEYS */;
INSERT INTO `friendship_statuses` VALUES (1,'Requested','2021-03-31 00:04:11','2021-03-31 00:04:11'),(2,'Confirmed','2021-03-31 00:04:11','2021-03-31 00:04:11'),(3,'Rejected','2021-03-31 00:04:11','2021-03-31 00:04:11');
/*!40000 ALTER TABLE `friendship_statuses` ENABLE KEYS */;
UNLOCK TABLES;

--
-- Table structure for table `media`
--

DROP TABLE IF EXISTS `media`;
/*!40101 SET @saved_cs_client     = @@character_set_client */;
/*!50503 SET character_set_client = utf8mb4 */;
CREATE TABLE `media` (
  `id` int unsigned NOT NULL AUTO_INCREMENT COMMENT '????????????? ??????',
  `user_id` int unsigned NOT NULL COMMENT '?????? ?? ????????????, ??????? ???????? ????',
  `filename` varchar(255) CHARACTER SET utf8mb4 COLLATE utf8mb4_unicode_ci NOT NULL COMMENT '???? ? ?????',
  `size` int NOT NULL COMMENT '?????? ?????',
  `metadata` json DEFAULT NULL,
  `media_type_id` int unsigned NOT NULL COMMENT '?????? ?? ??? ????????',
  `created_at` datetime DEFAULT CURRENT_TIMESTAMP COMMENT '????? ???????? ??????',
  `updated_at` datetime DEFAULT CURRENT_TIMESTAMP ON UPDATE CURRENT_TIMESTAMP COMMENT '????? ?????????? ??????',
  PRIMARY KEY (`id`),
  CONSTRAINT `media_chk_1` CHECK (json_valid(`metadata`))
) ENGINE=InnoDB AUTO_INCREMENT=101 DEFAULT CHARSET=utf8mb4 COLLATE=utf8mb4_unicode_ci COMMENT='??????????';
/*!40101 SET character_set_client = @saved_cs_client */;

--
-- Dumping data for table `media`
--

LOCK TABLES `media` WRITE;
/*!40000 ALTER TABLE `media` DISABLE KEYS */;
INSERT INTO `media` VALUES (1,32,'http://dropbox.net/vk/http://dropbox.net/vk/facilis.jpeg.jpeg',48335789,'{\"owner\": \"Sherman Dooley\"}',2,'1993-09-03 18:44:57','2021-03-31 00:04:10'),(2,96,'http://dropbox.net/vk/http://dropbox.net/vk/beatae.jpeg.mp3',48129,'{\"owner\": \"Ruth Kiehn\"}',1,'1993-01-26 22:37:06','2021-03-31 00:04:09'),(3,84,'http://dropbox.net/vk/http://dropbox.net/vk/ut.avi.avi',371862,'{\"owner\": \"Alene Vandervort\"}',2,'2012-01-21 03:40:20','2021-03-31 00:04:09'),(4,31,'http://dropbox.net/vk/http://dropbox.net/vk/nihil.mp4.avi',704922,'{\"owner\": \"Meagan Cartwright\"}',1,'1970-03-10 15:19:35','2021-03-31 00:04:10'),(5,3,'http://dropbox.net/vk/http://dropbox.net/vk/quas.jpeg.mp3',9420591,'{\"owner\": \"Sylvester Vandervort\"}',3,'2016-03-22 14:05:45','2021-03-31 00:04:10'),(6,20,'http://dropbox.net/vk/http://dropbox.net/vk/iure.mp3.avi',399024,'{\"owner\": \"Lisandro Schuppe\"}',1,'1997-05-03 09:19:56','2021-03-31 00:04:09'),(7,94,'http://dropbox.net/vk/http://dropbox.net/vk/placeat.png.jpeg',166412,'{\"owner\": \"Issac Breitenberg\"}',2,'1974-04-16 03:18:18','2021-03-31 00:04:09'),(8,7,'http://dropbox.net/vk/http://dropbox.net/vk/vitae.mp4.avi',870356,'{\"owner\": \"Mercedes Champlin\"}',3,'1998-06-15 02:06:13','2021-03-31 00:04:10'),(9,51,'http://dropbox.net/vk/http://dropbox.net/vk/in.png.png',317055,'{\"owner\": \"Calista Simonis\"}',1,'2004-02-19 12:05:56','2021-03-31 00:04:10'),(10,35,'http://dropbox.net/vk/http://dropbox.net/vk/molestiae.mp4.avi',7735,'{\"owner\": \"Naomi Gulgowski\"}',2,'1987-05-11 12:24:05','2021-03-31 00:04:09'),(11,22,'http://dropbox.net/vk/http://dropbox.net/vk/quam.png.jpeg',144707,'{\"owner\": \"Reece Howell\"}',2,'1995-10-04 02:51:04','2021-03-31 00:04:10'),(12,5,'http://dropbox.net/vk/http://dropbox.net/vk/voluptatibus.jpeg.png',728416221,'{\"owner\": \"Roberta Sanford\"}',3,'1999-05-11 17:15:24','2021-03-31 00:04:09'),(13,59,'http://dropbox.net/vk/http://dropbox.net/vk/repellat.avi.jpeg',102467,'{\"owner\": \"Hilma Schmitt\"}',2,'2019-11-25 16:27:27','2021-03-31 00:04:09'),(14,78,'http://dropbox.net/vk/http://dropbox.net/vk/consequatur.mp3.jpeg',68214,'{\"owner\": \"Elmira Herzog\"}',3,'1971-09-11 13:40:39','2021-03-31 00:04:09'),(15,14,'http://dropbox.net/vk/http://dropbox.net/vk/placeat.jpeg.mp3',34004,'{\"owner\": \"Salvador Collier\"}',3,'1970-02-24 06:29:03','2021-03-31 00:04:09'),(16,34,'http://dropbox.net/vk/http://dropbox.net/vk/quia.mp4.avi',23671,'{\"owner\": \"Roel Trantow\"}',2,'2002-01-19 08:51:08','2021-03-31 00:04:09'),(17,27,'http://dropbox.net/vk/http://dropbox.net/vk/necessitatibus.mp4.png',903714,'{\"owner\": \"Presley Jaskolski\"}',2,'2008-03-04 19:43:40','2021-03-31 00:04:10'),(18,34,'http://dropbox.net/vk/http://dropbox.net/vk/est.mp3.png',9895867,'{\"owner\": \"Roel Trantow\"}',2,'1991-07-10 19:33:47','2021-03-31 00:04:10'),(19,88,'http://dropbox.net/vk/http://dropbox.net/vk/inventore.mp3.mp3',2039,'{\"owner\": \"Mac Abbott\"}',2,'1997-04-16 01:35:45','2021-03-31 00:04:10'),(20,38,'http://dropbox.net/vk/http://dropbox.net/vk/quasi.mp4.png',154364805,'{\"owner\": \"Berneice Davis\"}',2,'1979-03-16 02:56:48','2021-03-31 00:04:10'),(21,27,'http://dropbox.net/vk/http://dropbox.net/vk/ea.avi.mp4',437557,'{\"owner\": \"Presley Jaskolski\"}',3,'2012-11-01 04:55:02','2021-03-31 00:04:10'),(22,19,'http://dropbox.net/vk/http://dropbox.net/vk/ut.mp3.png',31316,'{\"owner\": \"Ashlee Hayes\"}',2,'1976-01-05 04:55:15','2021-03-31 00:04:10'),(23,12,'http://dropbox.net/vk/http://dropbox.net/vk/enim.mp3.mp3',466644,'{\"owner\": \"Ron Hilpert\"}',2,'1994-01-29 02:37:24','2021-03-31 00:04:10'),(24,6,'http://dropbox.net/vk/http://dropbox.net/vk/tenetur.mp3.png',10548,'{\"owner\": \"Flo Luettgen\"}',3,'1980-06-18 10:30:06','2021-03-31 00:04:10'),(25,91,'http://dropbox.net/vk/http://dropbox.net/vk/neque.avi.jpeg',642808,'{\"owner\": \"Nina Ankunding\"}',1,'1998-09-11 23:53:53','2021-03-31 00:04:10'),(26,36,'http://dropbox.net/vk/http://dropbox.net/vk/dolores.mp3.jpeg',172399,'{\"owner\": \"Osvaldo Windler\"}',2,'1998-02-20 05:33:19','2021-03-31 00:04:10'),(27,7,'http://dropbox.net/vk/http://dropbox.net/vk/animi.jpeg.mp4',1215,'{\"owner\": \"Mercedes Champlin\"}',3,'1991-08-08 03:28:33','2021-03-31 00:04:10'),(28,26,'http://dropbox.net/vk/http://dropbox.net/vk/quam.png.jpeg',7560325,'{\"owner\": \"Crystal Kessler\"}',1,'2010-03-04 00:10:16','2021-03-31 00:04:09'),(29,11,'http://dropbox.net/vk/http://dropbox.net/vk/animi.mp3.png',86609516,'{\"owner\": \"Afton Graham\"}',2,'1981-12-05 20:26:50','2021-03-31 00:04:09'),(30,73,'http://dropbox.net/vk/http://dropbox.net/vk/nihil.jpeg.jpeg',923571,'{\"owner\": \"Melyna Mayert\"}',3,'1980-10-19 13:05:34','2021-03-31 00:04:10'),(31,34,'http://dropbox.net/vk/http://dropbox.net/vk/soluta.png.jpeg',2660099,'{\"owner\": \"Roel Trantow\"}',2,'1984-03-26 05:34:38','2021-03-31 00:04:09'),(32,49,'http://dropbox.net/vk/http://dropbox.net/vk/ut.mp3.jpeg',90660,'{\"owner\": \"Fleta Deckow\"}',1,'2004-11-03 23:00:24','2021-03-31 00:04:09'),(33,41,'http://dropbox.net/vk/http://dropbox.net/vk/tenetur.jpeg.avi',672585,'{\"owner\": \"Eric Ward\"}',1,'1976-12-24 09:22:49','2021-03-31 00:04:10'),(34,61,'http://dropbox.net/vk/http://dropbox.net/vk/corporis.mp3.mp4',7108458,'{\"owner\": \"Flavie Collins\"}',1,'1986-11-22 19:35:09','2021-03-31 00:04:10'),(35,78,'http://dropbox.net/vk/http://dropbox.net/vk/doloribus.jpeg.mp4',34697,'{\"owner\": \"Elmira Herzog\"}',2,'1992-03-21 04:09:01','2021-03-31 00:04:09'),(36,9,'http://dropbox.net/vk/http://dropbox.net/vk/molestiae.mp4.mp4',93447,'{\"owner\": \"Diego O\'Reilly\"}',2,'2003-02-22 23:13:32','2021-03-31 00:04:09'),(37,9,'http://dropbox.net/vk/http://dropbox.net/vk/aliquid.png.mp3',7749,'{\"owner\": \"Diego O\'Reilly\"}',1,'1980-06-11 12:22:24','2021-03-31 00:04:09'),(38,19,'http://dropbox.net/vk/http://dropbox.net/vk/debitis.mp3.mp3',3321,'{\"owner\": \"Ashlee Hayes\"}',1,'1976-11-14 08:44:18','2021-03-31 00:04:10'),(39,68,'http://dropbox.net/vk/http://dropbox.net/vk/qui.avi.mp4',39284,'{\"owner\": \"Jon Lakin\"}',2,'2006-05-12 02:59:07','2021-03-31 00:04:09'),(40,84,'http://dropbox.net/vk/http://dropbox.net/vk/odio.png.mp4',9982,'{\"owner\": \"Alene Vandervort\"}',2,'2008-09-23 10:38:38','2021-03-31 00:04:10'),(41,12,'http://dropbox.net/vk/http://dropbox.net/vk/autem.mp3.mp4',80947,'{\"owner\": \"Ron Hilpert\"}',3,'2004-11-22 13:47:53','2021-03-31 00:04:09'),(42,10,'http://dropbox.net/vk/http://dropbox.net/vk/quasi.mp4.png',376982,'{\"owner\": \"Aida Ankunding\"}',1,'1997-02-02 20:31:35','2021-03-31 00:04:10'),(43,14,'http://dropbox.net/vk/http://dropbox.net/vk/dignissimos.png.png',632067,'{\"owner\": \"Salvador Collier\"}',3,'2002-03-17 09:24:49','2021-03-31 00:04:10'),(44,40,'http://dropbox.net/vk/http://dropbox.net/vk/laudantium.mp4.png',19389,'{\"owner\": \"Mozelle Hyatt\"}',3,'1980-06-22 21:10:25','2021-03-31 00:04:10'),(45,57,'http://dropbox.net/vk/http://dropbox.net/vk/dolor.png.mp3',11316,'{\"owner\": \"Jaeden Reichel\"}',2,'1991-09-27 02:11:38','2021-03-31 00:04:09'),(46,65,'http://dropbox.net/vk/http://dropbox.net/vk/fuga.jpeg.avi',28367,'{\"owner\": \"Bernardo Crist\"}',2,'1988-11-17 00:36:57','2021-03-31 00:04:09'),(47,52,'http://dropbox.net/vk/http://dropbox.net/vk/velit.mp4.png',190746,'{\"owner\": \"Sasha Herzog\"}',3,'1975-12-18 14:43:32','2021-03-31 00:04:10'),(48,65,'http://dropbox.net/vk/http://dropbox.net/vk/sint.png.png',5098580,'{\"owner\": \"Bernardo Crist\"}',2,'1977-02-26 17:08:14','2021-03-31 00:04:09'),(49,69,'http://dropbox.net/vk/http://dropbox.net/vk/id.mp4.avi',885563,'{\"owner\": \"Mathew Hintz\"}',1,'1975-08-22 08:54:15','2021-03-31 00:04:10'),(50,48,'http://dropbox.net/vk/http://dropbox.net/vk/asperiores.mp4.avi',845577,'{\"owner\": \"Waino Turcotte\"}',3,'2015-10-20 15:32:08','2021-03-31 00:04:10'),(51,35,'http://dropbox.net/vk/http://dropbox.net/vk/totam.mp3.jpeg',561196,'{\"owner\": \"Naomi Gulgowski\"}',3,'1995-09-18 20:09:07','2021-03-31 00:04:09'),(52,29,'http://dropbox.net/vk/http://dropbox.net/vk/commodi.jpeg.avi',27522379,'{\"owner\": \"Chad Sawayn\"}',2,'1978-07-22 18:59:40','2021-03-31 00:04:09'),(53,40,'http://dropbox.net/vk/http://dropbox.net/vk/optio.mp4.avi',259251,'{\"owner\": \"Mozelle Hyatt\"}',2,'2005-09-25 05:51:55','2021-03-31 00:04:09'),(54,13,'http://dropbox.net/vk/http://dropbox.net/vk/dolor.jpeg.mp4',602666,'{\"owner\": \"Jeramy Dibbert\"}',3,'1995-02-15 18:36:38','2021-03-31 00:04:10'),(55,44,'http://dropbox.net/vk/http://dropbox.net/vk/officia.avi.png',4432,'{\"owner\": \"Thora Upton\"}',2,'2013-11-01 15:51:55','2021-03-31 00:04:10'),(56,82,'http://dropbox.net/vk/http://dropbox.net/vk/optio.jpeg.avi',225579,'{\"owner\": \"Kayli Nitzsche\"}',1,'1982-02-14 06:02:47','2021-03-31 00:04:10'),(57,77,'http://dropbox.net/vk/http://dropbox.net/vk/est.png.mp4',309895,'{\"owner\": \"Fiona Schulist\"}',2,'1970-09-13 22:48:18','2021-03-31 00:04:10'),(58,37,'http://dropbox.net/vk/http://dropbox.net/vk/adipisci.jpeg.png',97487,'{\"owner\": \"Shania Bartoletti\"}',3,'1975-11-19 21:39:06','2021-03-31 00:04:10'),(59,56,'http://dropbox.net/vk/http://dropbox.net/vk/blanditiis.avi.png',862740,'{\"owner\": \"Lori Stoltenberg\"}',3,'1994-10-29 14:47:43','2021-03-31 00:04:10'),(60,69,'http://dropbox.net/vk/http://dropbox.net/vk/aliquid.png.mp4',966426665,'{\"owner\": \"Mathew Hintz\"}',1,'1983-10-13 03:22:01','2021-03-31 00:04:09'),(61,74,'http://dropbox.net/vk/http://dropbox.net/vk/ad.mp4.mp3',374016,'{\"owner\": \"Lauren Corwin\"}',3,'2010-02-27 16:25:02','2021-03-31 00:04:10'),(62,63,'http://dropbox.net/vk/http://dropbox.net/vk/quam.avi.avi',271859,'{\"owner\": \"Lamar Boyle\"}',2,'2020-09-18 16:20:43','2021-03-31 00:04:10'),(63,92,'http://dropbox.net/vk/http://dropbox.net/vk/consequatur.mp4.avi',343468,'{\"owner\": \"Vivian Kuphal\"}',2,'2012-08-26 18:45:53','2021-03-31 00:04:10'),(64,72,'http://dropbox.net/vk/http://dropbox.net/vk/ab.png.mp4',3331496,'{\"owner\": \"Dominic Konopelski\"}',2,'2000-02-24 11:57:35','2021-03-31 00:04:10'),(65,84,'http://dropbox.net/vk/http://dropbox.net/vk/deserunt.mp4.avi',227248,'{\"owner\": \"Alene Vandervort\"}',2,'1996-06-21 03:56:04','2021-03-31 00:04:10'),(66,1,'http://dropbox.net/vk/http://dropbox.net/vk/maiores.mp3.avi',4462075,'{\"owner\": \"Lori Nitzsche\"}',3,'1990-08-08 18:31:25','2021-03-31 00:04:10'),(67,53,'http://dropbox.net/vk/http://dropbox.net/vk/culpa.mp4.png',576201813,'{\"owner\": \"Georgiana Ryan\"}',1,'1979-01-05 21:32:45','2021-03-31 00:04:09'),(68,63,'http://dropbox.net/vk/http://dropbox.net/vk/non.jpeg.mp4',310664,'{\"owner\": \"Lamar Boyle\"}',2,'2002-06-15 09:12:12','2021-03-31 00:04:10'),(69,57,'http://dropbox.net/vk/http://dropbox.net/vk/qui.mp3.jpeg',267213099,'{\"owner\": \"Jaeden Reichel\"}',2,'1984-11-09 03:05:14','2021-03-31 00:04:10'),(70,93,'http://dropbox.net/vk/http://dropbox.net/vk/id.mp4.jpeg',861576,'{\"owner\": \"Lonzo Rodriguez\"}',1,'1976-03-03 03:51:38','2021-03-31 00:04:10'),(71,93,'http://dropbox.net/vk/http://dropbox.net/vk/dolores.jpeg.png',365887,'{\"owner\": \"Lonzo Rodriguez\"}',3,'1971-04-07 15:09:45','2021-03-31 00:04:10'),(72,88,'http://dropbox.net/vk/http://dropbox.net/vk/aliquid.mp3.jpeg',25673,'{\"owner\": \"Mac Abbott\"}',2,'1971-03-01 04:45:25','2021-03-31 00:04:09'),(73,58,'http://dropbox.net/vk/http://dropbox.net/vk/et.avi.png',879983,'{\"owner\": \"Grover Padberg\"}',1,'2008-11-02 17:02:31','2021-03-31 00:04:10'),(74,27,'http://dropbox.net/vk/http://dropbox.net/vk/voluptatem.jpeg.avi',234708,'{\"owner\": \"Presley Jaskolski\"}',2,'2009-09-19 00:38:44','2021-03-31 00:04:10'),(75,58,'http://dropbox.net/vk/http://dropbox.net/vk/voluptatum.mp3.jpeg',833403,'{\"owner\": \"Grover Padberg\"}',1,'1980-09-24 08:41:03','2021-03-31 00:04:09'),(76,11,'http://dropbox.net/vk/http://dropbox.net/vk/praesentium.mp3.avi',974534661,'{\"owner\": \"Afton Graham\"}',2,'2001-12-23 11:34:43','2021-03-31 00:04:10'),(77,81,'http://dropbox.net/vk/http://dropbox.net/vk/repellat.png.mp4',65880,'{\"owner\": \"Edgardo Mayert\"}',3,'2017-07-31 00:44:59','2021-03-31 00:04:10'),(78,73,'http://dropbox.net/vk/http://dropbox.net/vk/totam.png.jpeg',65924526,'{\"owner\": \"Melyna Mayert\"}',3,'2005-02-09 01:16:49','2021-03-31 00:04:10'),(79,18,'http://dropbox.net/vk/http://dropbox.net/vk/cupiditate.avi.mp3',77782,'{\"owner\": \"Wilhelmine Osinski\"}',1,'2009-09-23 08:48:50','2021-03-31 00:04:10'),(80,72,'http://dropbox.net/vk/http://dropbox.net/vk/delectus.avi.png',812231,'{\"owner\": \"Dominic Konopelski\"}',3,'2012-08-25 12:54:38','2021-03-31 00:04:10'),(81,4,'http://dropbox.net/vk/http://dropbox.net/vk/ipsam.png.mp4',899944256,'{\"owner\": \"Anika Raynor\"}',3,'1978-01-01 01:05:13','2021-03-31 00:04:10'),(82,5,'http://dropbox.net/vk/http://dropbox.net/vk/quia.mp3.mp4',615276,'{\"owner\": \"Roberta Sanford\"}',3,'1982-11-13 08:58:19','2021-03-31 00:04:10'),(83,12,'http://dropbox.net/vk/http://dropbox.net/vk/reprehenderit.mp4.avi',6018230,'{\"owner\": \"Ron Hilpert\"}',1,'1993-02-27 02:27:47','2021-03-31 00:04:10'),(84,47,'http://dropbox.net/vk/http://dropbox.net/vk/laboriosam.avi.mp4',868739,'{\"owner\": \"Cleta Kemmer\"}',3,'1982-04-04 06:18:47','2021-03-31 00:04:09'),(85,95,'http://dropbox.net/vk/http://dropbox.net/vk/et.mp4.mp4',1061075,'{\"owner\": \"Abbie Hauck\"}',3,'2004-06-29 18:09:40','2021-03-31 00:04:10'),(86,36,'http://dropbox.net/vk/http://dropbox.net/vk/ea.jpeg.mp4',222567699,'{\"owner\": \"Osvaldo Windler\"}',1,'1984-04-08 08:50:41','2021-03-31 00:04:10'),(87,91,'http://dropbox.net/vk/http://dropbox.net/vk/aut.avi.mp4',1767451,'{\"owner\": \"Nina Ankunding\"}',1,'1971-02-18 19:40:28','2021-03-31 00:04:10'),(88,50,'http://dropbox.net/vk/http://dropbox.net/vk/assumenda.jpeg.jpeg',487869,'{\"owner\": \"Carrie Johnson\"}',3,'2014-09-04 00:46:16','2021-03-31 00:04:10'),(89,77,'http://dropbox.net/vk/http://dropbox.net/vk/sint.png.jpeg',4055428,'{\"owner\": \"Fiona Schulist\"}',1,'1988-10-25 18:09:39','2021-03-31 00:04:10'),(90,35,'http://dropbox.net/vk/http://dropbox.net/vk/est.jpeg.jpeg',58334069,'{\"owner\": \"Naomi Gulgowski\"}',2,'1980-05-19 23:53:06','2021-03-31 00:04:10'),(91,42,'http://dropbox.net/vk/http://dropbox.net/vk/eum.mp3.png',2159,'{\"owner\": \"Else Borer\"}',1,'2009-08-23 05:28:36','2021-03-31 00:04:09'),(92,6,'http://dropbox.net/vk/http://dropbox.net/vk/error.png.mp4',4276676,'{\"owner\": \"Flo Luettgen\"}',2,'1980-03-05 14:28:33','2021-03-31 00:04:10'),(93,4,'http://dropbox.net/vk/http://dropbox.net/vk/exercitationem.avi.mp3',823129,'{\"owner\": \"Anika Raynor\"}',3,'1970-01-28 16:32:31','2021-03-31 00:04:10'),(94,100,'http://dropbox.net/vk/http://dropbox.net/vk/placeat.avi.avi',642037,'{\"owner\": \"Abdullah Douglas\"}',2,'1978-12-17 22:42:15','2021-03-31 00:04:10'),(95,90,'http://dropbox.net/vk/http://dropbox.net/vk/quod.jpeg.jpeg',730799,'{\"owner\": \"Gaston Mitchell\"}',2,'2005-07-16 04:17:04','2021-03-31 00:04:09'),(96,46,'http://dropbox.net/vk/http://dropbox.net/vk/voluptatem.jpeg.png',79834231,'{\"owner\": \"Alexane Gerhold\"}',3,'1989-05-22 00:37:18','2021-03-31 00:04:09'),(97,63,'http://dropbox.net/vk/http://dropbox.net/vk/dolores.mp3.mp4',717885,'{\"owner\": \"Lamar Boyle\"}',1,'1977-06-30 06:09:32','2021-03-31 00:04:10'),(98,73,'http://dropbox.net/vk/http://dropbox.net/vk/corporis.mp3.jpeg',387030,'{\"owner\": \"Melyna Mayert\"}',1,'2003-06-28 13:13:43','2021-03-31 00:04:09'),(99,77,'http://dropbox.net/vk/http://dropbox.net/vk/aut.avi.png',1427,'{\"owner\": \"Fiona Schulist\"}',1,'1984-09-26 12:55:44','2021-03-31 00:04:10'),(100,64,'http://dropbox.net/vk/http://dropbox.net/vk/qui.jpeg.avi',771494,'{\"owner\": \"Zion Fahey\"}',3,'1970-09-23 14:17:08','2021-03-31 00:04:10');
/*!40000 ALTER TABLE `media` ENABLE KEYS */;
UNLOCK TABLES;

--
-- Table structure for table `media_types`
--

DROP TABLE IF EXISTS `media_types`;
/*!40101 SET @saved_cs_client     = @@character_set_client */;
/*!50503 SET character_set_client = utf8mb4 */;
CREATE TABLE `media_types` (
  `id` int unsigned NOT NULL AUTO_INCREMENT COMMENT '????????????? ??????',
  `name` varchar(255) CHARACTER SET utf8mb4 COLLATE utf8mb4_unicode_ci NOT NULL COMMENT '???????? ????',
  `created_at` datetime DEFAULT CURRENT_TIMESTAMP COMMENT '????? ???????? ??????',
  `updated_at` datetime DEFAULT CURRENT_TIMESTAMP ON UPDATE CURRENT_TIMESTAMP COMMENT '????? ?????????? ??????',
  PRIMARY KEY (`id`),
  UNIQUE KEY `name` (`name`)
) ENGINE=InnoDB DEFAULT CHARSET=utf8mb4 COLLATE=utf8mb4_unicode_ci COMMENT='???? ???????????';
/*!40101 SET character_set_client = @saved_cs_client */;

--
-- Dumping data for table `media_types`
--

LOCK TABLES `media_types` WRITE;
/*!40000 ALTER TABLE `media_types` DISABLE KEYS */;
/*!40000 ALTER TABLE `media_types` ENABLE KEYS */;
UNLOCK TABLES;

--
-- Table structure for table `messages`
--

DROP TABLE IF EXISTS `messages`;
/*!40101 SET @saved_cs_client     = @@character_set_client */;
/*!50503 SET character_set_client = utf8mb4 */;
CREATE TABLE `messages` (
  `id` int unsigned NOT NULL AUTO_INCREMENT COMMENT '????????????? ??????',
  `from_user_id` int unsigned NOT NULL COMMENT '?????? ?? ??????????? ?????????',
  `to_user_id` int unsigned NOT NULL COMMENT '?????? ?? ?????????? ?????????',
  `body` text CHARACTER SET utf8mb4 COLLATE utf8mb4_unicode_ci NOT NULL COMMENT '????? ?????????',
  `is_important` tinyint(1) DEFAULT NULL COMMENT '??????? ????????',
  `is_delivered` tinyint(1) DEFAULT NULL COMMENT '??????? ????????',
  `created_at` datetime DEFAULT CURRENT_TIMESTAMP COMMENT '????? ???????? ??????',
  PRIMARY KEY (`id`)
) ENGINE=InnoDB AUTO_INCREMENT=101 DEFAULT CHARSET=utf8mb4 COLLATE=utf8mb4_unicode_ci COMMENT='?????????';
/*!40101 SET character_set_client = @saved_cs_client */;

--
-- Dumping data for table `messages`
--

LOCK TABLES `messages` WRITE;
/*!40000 ALTER TABLE `messages` DISABLE KEYS */;
INSERT INTO `messages` VALUES (1,67,94,'Et voluptatem unde expedita facilis sapiente. Vitae et quia quae laborum et enim aut. Corporis nihil nostrum saepe id molestiae.',0,0,'2016-06-27 07:26:30'),(2,68,59,'Harum dolores officia at hic aut. Dolorem ipsam aut dolorem beatae praesentium.',0,0,'2018-03-04 09:22:33'),(3,90,73,'Velit harum suscipit itaque aut. Doloribus quasi sint quia non corrupti nam. Natus inventore aliquid autem praesentium similique. Fugiat amet deleniti veniam reprehenderit et et atque. Eos est recusandae quia voluptatum quaerat.',1,1,'1992-10-09 03:51:28'),(4,94,51,'Voluptas ea in tempore eum dignissimos expedita. Sit iste necessitatibus mollitia facilis nam mollitia deleniti. Omnis adipisci repellendus et modi amet.',1,0,'2009-01-21 02:22:28'),(5,74,15,'Non nemo nisi rem et voluptatem aliquam ut fuga. Ipsum facilis quam modi impedit delectus ipsam. Libero natus magnam voluptates vel maxime commodi similique. Deserunt recusandae dicta aspernatur cumque.',0,1,'1990-01-05 04:51:18'),(6,53,20,'Odit cupiditate ut esse ullam voluptas ut dolores natus. Quidem accusamus quo laboriosam dolores. Earum qui voluptatem qui.',0,0,'1989-06-21 07:51:06'),(7,41,44,'At iusto dolores accusantium necessitatibus. Et dolorum voluptates aut exercitationem. Beatae et qui ut.',0,1,'1990-02-27 17:49:51'),(8,95,44,'Ut veniam nulla dolor voluptatem. Iste vitae est voluptas esse eveniet esse blanditiis. Quam dolores qui nobis saepe enim. Nemo enim eveniet accusantium.',0,1,'2005-03-30 01:02:37'),(9,34,36,'Et similique consequatur ipsa aut ex et. Cupiditate quasi tempora fugiat saepe. Illo non minima enim ut. Ipsam praesentium magni sint recusandae dolor ad.',0,1,'1978-12-08 20:39:58'),(10,78,81,'Officia dolores est dolor est quas. Necessitatibus error in tenetur harum doloribus. Qui distinctio eum aut culpa dolorum odit reprehenderit atque.',1,0,'1977-03-28 20:17:54'),(11,71,11,'Sit natus omnis accusantium ut aperiam et omnis. Error reprehenderit non dicta velit qui sunt. Qui sunt nobis quas sequi dolor.',1,0,'2002-05-26 12:12:05'),(12,42,79,'Voluptatem non velit aut perferendis ut dicta libero. Minus est consequatur quia quod at. Et quos adipisci natus eveniet et asperiores. Omnis est sed nobis.',0,1,'2015-10-13 09:22:20'),(13,65,87,'Et facere hic est qui ipsum praesentium. Voluptatum mollitia doloremque aut eius odit dolorum dolorem. Repudiandae dolores omnis et aut cupiditate earum omnis.',1,0,'1991-04-28 20:30:08'),(14,42,47,'Rerum sint amet inventore ex distinctio dolor natus rem. Temporibus rerum mollitia enim recusandae aliquid reiciendis. Natus impedit maxime eum reprehenderit. Aut repudiandae error provident.',1,0,'1985-06-01 21:02:49'),(15,8,98,'Unde sint consequatur quidem quibusdam dolores. Enim quis sit nam culpa et saepe. Sint ex qui vero. Harum voluptatem asperiores et impedit inventore veritatis.',0,0,'2007-07-26 20:47:25'),(16,65,30,'A dolores delectus sed quo. Magni porro nulla fugiat qui. Eum officiis ut dolor. Sed ea quos aut.',0,1,'2014-10-07 06:01:45'),(17,57,95,'Laboriosam pariatur vel est explicabo dolores nisi. Deleniti dolor alias exercitationem est et repellendus repudiandae. Id inventore qui fuga.',0,0,'2008-11-17 11:42:48'),(18,4,32,'Repudiandae modi ea eos beatae. Aspernatur quisquam sunt suscipit et veritatis ipsam. Mollitia soluta quaerat ut eum quaerat. Mollitia laboriosam alias esse molestiae reprehenderit nemo.',1,1,'2009-12-27 23:51:56'),(19,49,47,'Omnis voluptas soluta iure ut dolorem. Commodi quaerat eos nemo amet in. Dolores impedit culpa ipsa inventore et eum debitis.',1,1,'1984-03-26 22:44:43'),(20,90,7,'Cupiditate cum consectetur iste fugit sit ipsam expedita. Omnis nesciunt modi asperiores autem quae reprehenderit tenetur. Modi vitae eius voluptas. Et a esse dolorem id reiciendis.',1,0,'1983-05-31 00:59:17'),(21,65,3,'Animi explicabo sunt quis consequatur. Aut beatae reprehenderit et quia vero rem nam.',0,0,'2006-05-18 11:38:33'),(22,20,88,'Autem quos reprehenderit saepe voluptate officia. Beatae aliquam ullam cupiditate minus. Repellat nihil illum eaque omnis.',1,1,'1994-04-05 18:43:20'),(23,83,50,'Recusandae doloribus distinctio aliquid sint quaerat repellat. Odit eos enim laboriosam sapiente. Maiores voluptas voluptate et est. Numquam quasi laboriosam neque dolorem quia. Ipsam et eaque magnam sunt quos.',0,1,'1993-11-16 11:25:33'),(24,99,45,'Et voluptatem veritatis officia consequatur occaecati. Nulla qui aperiam et et. Quis non incidunt itaque eveniet quo cumque est. Ullam nesciunt molestiae cum est odio qui et. Voluptatum nemo deserunt velit aperiam nesciunt numquam magnam.',1,0,'1987-09-08 05:24:32'),(25,29,9,'Aut iste tempora dolor fugit. Sed blanditiis nulla eligendi neque. Et delectus excepturi ipsum iusto.',0,0,'1979-11-14 12:31:03'),(26,57,59,'Cum et eveniet et quos et sunt. Autem maxime vel excepturi magni. Et quidem est saepe quasi. Non eaque magnam id at et in consequuntur doloremque.',1,0,'1991-03-14 05:15:08'),(27,23,35,'Molestiae qui explicabo quibusdam corrupti. Quod illo est aspernatur sunt animi voluptas laborum. Repellat vel et minus nihil et. Accusantium voluptas quaerat quidem eligendi repellendus alias. Voluptatibus aut eum mollitia voluptatem.',0,1,'1983-02-27 08:36:07'),(28,8,32,'Autem impedit sunt aut ratione est excepturi ipsa. Illum recusandae necessitatibus at quas eius enim voluptatem. Quo amet et et amet ut voluptatum. Incidunt quas rerum ducimus sit itaque modi voluptatem.',1,0,'2009-10-19 21:05:12'),(29,36,85,'Sed et sunt aut nobis rem. Autem voluptatem sapiente rerum porro architecto officia. Nihil repellat illo placeat laudantium vero officia et.',0,0,'1994-10-04 04:49:40'),(30,15,19,'Quo et delectus labore aspernatur sint ut. Maiores asperiores autem sint temporibus quia. Cupiditate praesentium dolorem impedit ullam.',0,0,'2011-03-30 18:59:05'),(31,51,95,'Et voluptatem error omnis optio recusandae. Sed accusamus autem deserunt qui non autem. Mollitia quisquam eaque accusamus tenetur assumenda necessitatibus ea voluptatum. Totam ipsum expedita iusto dicta.',0,0,'2018-01-04 06:03:43'),(32,23,30,'Et incidunt doloremque itaque velit. Voluptatem molestias dolorem delectus et corporis. Ut illo dolor ullam distinctio. Culpa modi iure rerum sequi.',1,1,'2014-03-06 06:49:45'),(33,80,11,'Velit magni et quas omnis. Porro doloribus ratione voluptatibus ad aliquam aliquam explicabo.',1,0,'2011-04-22 10:41:33'),(34,14,35,'Voluptatem facere labore exercitationem enim vel aliquid recusandae. Soluta sit maiores ipsam quos. Sapiente accusamus rerum animi voluptatibus aliquid harum quasi.',0,0,'1982-08-26 11:47:18'),(35,35,67,'Quia nostrum laboriosam corporis deserunt. Pariatur eligendi id labore ex dolorem aliquam ipsum. Voluptatem rerum temporibus aut sit quod praesentium id.',0,0,'2015-10-08 01:02:29'),(36,31,53,'Voluptatem accusantium nostrum vel animi adipisci aspernatur assumenda. Distinctio accusamus omnis blanditiis. Est ut perspiciatis suscipit laborum id. Sit vel laboriosam molestiae asperiores atque et aut.',1,0,'1984-04-24 13:23:49'),(37,71,94,'Cum deleniti quis voluptates. Sed molestias nemo ducimus sit ipsum ratione quod. Et rerum velit vero sequi.',0,1,'1983-12-14 07:10:53'),(38,57,5,'Accusantium aut dolor officiis et. Consequatur distinctio dolores omnis quasi nisi similique. Suscipit laboriosam inventore rerum optio.',0,1,'1986-05-22 20:22:11'),(39,53,48,'Non laborum et eligendi at suscipit. Sequi qui voluptatibus eligendi est quo ad qui.',0,1,'1985-05-26 21:33:31'),(40,82,65,'Qui nulla laborum nobis magnam quia commodi. Similique aut eligendi nihil perspiciatis aut qui. Voluptates perferendis est est sit consequuntur.',1,1,'1997-05-17 13:24:29'),(41,80,2,'Et alias aut voluptatem vero. Deserunt possimus et aliquid. Debitis autem doloribus quos qui commodi occaecati repellendus non.',0,0,'1974-06-10 20:26:10'),(42,71,50,'Quo voluptatem voluptatum qui consectetur ipsum ea. Eos id facere quam ut. Unde eum accusamus aut vel accusamus delectus minus. Et laboriosam eveniet sed deleniti aut non.',1,0,'2001-01-08 11:12:53'),(43,33,16,'Laborum libero incidunt debitis qui nam magnam vero. Et voluptates asperiores eum sunt. Sint repellat magni aut consequatur ut.',0,1,'1990-06-29 03:58:04'),(44,83,63,'Distinctio et ipsa fugit aut accusamus sunt numquam. Sunt quisquam est praesentium placeat reprehenderit est eligendi. Assumenda laudantium quia temporibus quia.',1,1,'1991-08-31 19:21:13'),(45,66,40,'Perspiciatis laborum quas et perspiciatis quo. Omnis suscipit sunt incidunt voluptates illo. At ab unde animi reiciendis.',1,1,'2003-10-29 06:21:05'),(46,2,90,'Pariatur in sequi esse eos accusamus aperiam accusamus quidem. Et inventore ut tempore culpa nihil sed officia quasi. Delectus voluptatem assumenda at consectetur maxime maxime ipsum.',0,1,'1974-11-24 13:55:58'),(47,42,41,'Excepturi tempore vel illum libero ipsum voluptas voluptatum. Necessitatibus rerum maiores nam autem et qui non. Aliquid ipsam commodi nam minima. Consequatur nam fugiat corrupti officiis quasi quas reiciendis.',1,0,'2018-05-16 13:19:02'),(48,77,62,'Similique quam placeat quam et cupiditate rem. Accusantium autem facere hic mollitia.',1,0,'1991-11-28 21:07:51'),(49,79,9,'Fugiat iusto odit est ab sunt eaque. Totam culpa quibusdam ut omnis quos cupiditate reiciendis mollitia. Aut molestiae officia non eaque rerum ipsam laudantium voluptas.',0,0,'1987-01-14 03:04:58'),(50,7,7,'Non rerum nemo autem qui eaque excepturi. Dolor sunt ab dolorem omnis eaque ex ad ratione.',1,1,'1973-12-10 04:15:31'),(51,16,56,'Velit debitis eius consequatur assumenda. Itaque explicabo et autem et qui. Consectetur perspiciatis in distinctio omnis et. Doloremque totam vitae molestiae repellendus quidem adipisci omnis.',0,0,'1991-12-31 11:16:37'),(52,34,2,'Officiis asperiores ea iure nobis labore quia odio similique. Veniam occaecati deleniti autem quia enim ab. Nihil iure ratione ratione ut magni ullam quam. Error nam minima magnam maxime aperiam velit.',1,1,'2017-04-23 17:03:12'),(53,5,17,'Quaerat voluptatem aliquam et non impedit. Ut cupiditate nemo voluptatem repellat. Adipisci explicabo voluptatem tenetur. Rerum laudantium in in quibusdam.',1,1,'1995-09-09 23:42:29'),(54,72,9,'Cum eius totam occaecati est. Placeat ea voluptas eum aliquam dolores quisquam et. Voluptatem et quibusdam sapiente qui aut. Dolorum eligendi est nobis excepturi perspiciatis.',1,1,'1981-01-30 15:43:05'),(55,29,15,'Ducimus illum harum voluptatem consectetur magnam voluptatum. Dolorem inventore nemo dolor architecto accusantium quisquam sint. Hic quas et quo illo ut in. Facere quasi dolore soluta quia et aliquid.',0,1,'2004-11-07 18:22:44'),(56,90,4,'Quam consequatur nostrum quam ducimus id. Esse necessitatibus tempora tenetur nam. Odit et at deleniti dolore et qui voluptatum et. Est dolores pariatur necessitatibus eligendi quas cupiditate harum.',1,1,'1986-01-04 22:05:19'),(57,50,37,'Iure saepe similique mollitia dolores. Sapiente velit dolorem consectetur porro dolorem. Similique quo at rem. Pariatur ab et sed magni in. Nihil eos voluptas ducimus unde deserunt asperiores explicabo.',0,1,'2006-06-06 13:01:56'),(58,33,53,'Aut sint perferendis quasi doloremque ut tempora perferendis qui. Ut eos accusamus aspernatur impedit optio illo. Tenetur est aut culpa laboriosam rerum deleniti. Ea velit aut aut nihil voluptatem labore.',0,1,'1998-03-06 06:46:49'),(59,67,75,'Recusandae est mollitia facere alias. Dignissimos sed deserunt distinctio ut quis quos. Ratione et sint asperiores ea ut accusamus.',0,1,'2010-03-10 10:13:26'),(60,72,34,'Id similique animi aliquid culpa rerum. Rerum facilis qui tempora molestias rem et possimus. Autem ipsum fugiat quaerat magni repellat cum necessitatibus dolorem. Expedita cum tempore perspiciatis.',1,0,'2013-02-13 04:37:02'),(61,57,80,'Ea non deserunt explicabo quia aut quia ut. Cumque vel ea ipsa facilis ipsam provident. Deleniti non et et minima omnis quia. Quia assumenda non quo in architecto ipsam. Asperiores odit illum occaecati expedita magnam assumenda beatae.',1,0,'2020-01-24 22:52:21'),(62,28,2,'Atque aliquam autem explicabo quia. Repudiandae aut voluptas odit sint ipsam ad. Voluptatem atque et natus minima.',1,0,'2016-06-23 23:33:51'),(63,26,22,'Rerum quidem numquam possimus officia. Voluptatibus voluptatem sunt molestiae aliquam. Id vel distinctio ab iusto dignissimos quo qui. Porro tempora ut eius non ullam sint ut.',0,1,'2004-12-04 20:41:21'),(64,31,90,'Unde est amet cupiditate. Impedit ut blanditiis dolorum vero nihil magnam sed. Dolorem dolorem praesentium rerum qui velit mollitia dignissimos quia. Deleniti et occaecati porro omnis.',1,1,'1988-03-27 19:37:40'),(65,56,8,'Debitis magnam ea et sapiente aspernatur optio suscipit. Minima consequatur ipsum aut voluptate qui. Voluptatem nam dolor qui adipisci itaque placeat in at.',0,0,'2020-12-07 19:26:26'),(66,73,42,'In sint esse voluptatem asperiores incidunt. Eum maxime recusandae sed. Laborum molestias illum illo voluptate necessitatibus. Ut quia facere ea voluptatem.',1,1,'1972-07-22 01:05:56'),(67,87,10,'Repellat quisquam culpa sunt consequatur rerum debitis. Quibusdam velit quia accusamus suscipit quia perferendis autem. Omnis totam quia cumque sit amet numquam. Qui atque commodi aut consequatur commodi dolores.',1,1,'2009-07-31 04:59:52'),(68,90,20,'Atque in odio eaque dolorem minus sit et. Iste voluptatem unde et accusantium. Voluptatem est illum dolor. Voluptatem voluptas aut alias nulla ut eius repellendus odio. Sed cumque hic ipsum consectetur ab aperiam totam.',1,1,'1987-10-20 06:10:43'),(69,31,91,'Quia eveniet nobis repellat vel quis consequatur repellat sint. Beatae blanditiis sed sed velit ipsum laboriosam. Quos dignissimos labore quis in quia sed dolor. Velit magni id quis libero.',1,1,'1999-01-09 16:55:33'),(70,61,34,'Dolorum amet aliquid aut rem. Maxime sapiente eos rerum. Quas laboriosam nostrum culpa ea tempore est in assumenda. Eaque velit rem voluptate ut velit nisi nesciunt est.',1,1,'1994-10-18 17:56:44'),(71,86,28,'Sed perspiciatis culpa consequatur labore nisi maiores. Voluptates quis quia ut minima itaque aut quod. Est ut voluptatibus culpa.',1,1,'1992-07-20 05:16:38'),(72,83,28,'Incidunt et sit eaque. Aut ducimus numquam eligendi quis omnis. Et ut esse qui natus sunt.',0,1,'2004-11-04 06:20:09'),(73,92,74,'Vitae quia voluptatibus consequuntur est sit. Illum molestiae minus et ullam consequuntur. Occaecati quasi possimus sapiente repellendus est fuga. Nulla rerum architecto sint dignissimos.',1,1,'2001-02-19 02:46:38'),(74,95,53,'Maxime qui nesciunt natus minima odio eum. Accusantium adipisci magni aut nesciunt nobis autem sunt. Beatae aspernatur eos impedit voluptas velit repellat. Non quia dolores repudiandae eaque numquam eligendi.',0,0,'1975-02-05 13:35:03'),(75,80,40,'Explicabo earum aut ex aliquid aliquam. Natus dolor laborum quia ad.',1,0,'1971-10-28 16:11:35'),(76,57,67,'Labore molestiae occaecati nesciunt. Provident consequatur beatae at. Esse aperiam animi qui blanditiis facilis ea ut. Doloremque voluptatibus magni perferendis nostrum.',0,0,'1980-08-22 06:46:54'),(77,64,18,'Voluptate dignissimos non fugiat dolor officia eveniet. Consectetur quod et vitae qui tempora quasi. Voluptas sint expedita ea aut quis. Nulla qui unde error accusantium possimus ratione repellat enim.',0,1,'2007-11-24 15:46:15'),(78,98,36,'At fugiat rerum qui ut. Et dolorem molestias non aliquam tempora. Voluptate deleniti dolor eum expedita non exercitationem.',1,1,'2006-12-16 16:29:12'),(79,84,12,'Magni quisquam facere ad molestiae natus accusamus eaque. Culpa est non eius debitis quia aspernatur. Explicabo magni est eveniet eaque autem et quo. Et et rerum saepe ut.',1,1,'2000-07-21 20:17:28'),(80,7,99,'Numquam quis architecto ea accusantium qui aut quis. Corrupti illo est qui aspernatur aut nemo. Facilis rerum officiis nisi earum labore.',1,0,'2003-12-09 08:16:02'),(81,72,65,'Consequatur culpa minima neque id et sequi hic. Pariatur doloribus sunt voluptatum in qui voluptatem. Quis molestias fuga laboriosam ullam. Sit illum facilis cupiditate eos praesentium.',0,0,'1970-10-27 17:31:16'),(82,9,50,'Veniam non voluptatem sint dicta. Consequatur natus vel labore laborum illum rem cumque ipsum. Impedit cumque animi ducimus nobis molestiae.',0,0,'1996-12-03 03:50:39'),(83,22,59,'Nulla enim possimus quia accusantium. Voluptate ratione quae quisquam et. Quibusdam temporibus et dolorem inventore molestiae nisi pariatur.',0,0,'1992-02-23 13:32:07'),(84,28,61,'Nam excepturi voluptatem eos reiciendis sint. Officia eius modi ut quo aperiam. Delectus at quis voluptatem aliquam consequatur iste.',1,1,'1984-06-13 07:17:45'),(85,21,24,'Impedit fugiat sunt et. Ut rerum aliquam non dolorem sunt eum et. Fuga omnis ut dolorem. Voluptas a quia pariatur consequuntur praesentium odit.',1,0,'2005-05-20 12:41:43'),(86,55,3,'At atque aut eos voluptates. Non omnis reprehenderit itaque cumque. Non natus sed expedita.',1,1,'1989-01-21 21:48:42'),(87,51,44,'Impedit aut commodi molestiae aut sit ad enim. Quae neque tempora et alias. Ad quisquam ipsam illo rerum similique et. Sit inventore nesciunt in.',1,0,'2012-07-23 08:09:40'),(88,66,97,'Et ipsam suscipit facilis tenetur. Facilis natus quisquam ipsam quibusdam aperiam.',1,0,'1971-09-04 23:28:45'),(89,88,49,'Dolor perspiciatis odio beatae cupiditate reprehenderit sint. Cum velit nobis error. Omnis in voluptatem dolores aperiam iusto voluptas dolores. Architecto ut ducimus minima reprehenderit eos omnis suscipit.',1,0,'2017-09-10 16:56:49'),(90,81,55,'Sequi rerum odit aut et nulla exercitationem nesciunt natus. A occaecati illo accusamus voluptates. A et aut eum. Praesentium sint ex doloribus eum ut eius et.',1,0,'1989-05-12 04:52:02'),(91,31,90,'Soluta ipsum in sunt architecto temporibus inventore. Eum dolor tempora ipsum repudiandae molestiae dolor quis. Aliquid magni magnam ducimus placeat. Quam amet enim adipisci quia porro.',1,1,'2001-02-01 20:09:44'),(92,59,23,'Beatae optio iure maiores inventore. Et voluptatem in odio pariatur facilis saepe. Autem nemo corrupti eos nostrum. Ut vero sunt labore rerum ad reiciendis ab.',1,0,'1977-08-25 21:54:26'),(93,40,27,'Quod quia delectus voluptates ut vel. Et suscipit minima recusandae quod sunt impedit voluptatem.',1,1,'1999-04-06 05:18:52'),(94,16,100,'Et ut nisi qui tempora laborum beatae. Voluptatem aut aut quia placeat similique.',1,1,'1980-01-25 01:41:34'),(95,48,43,'Mollitia dolores enim modi maiores ea quasi. Minus quam non dolor et qui. Ut illum fugit id dolor fugiat ea ipsam. Id sapiente et quo optio. Vitae magnam totam ipsum ut nam saepe nobis.',0,0,'1999-08-12 17:06:40'),(96,70,18,'Tenetur voluptatem voluptatum vel cumque labore. Est molestias aut ad maxime. Commodi autem ut libero eum. Dolores totam maiores aliquid consequatur est excepturi.',0,1,'2012-03-13 08:07:33'),(97,82,53,'Et eaque sit consequuntur voluptatem et qui. Possimus minus totam qui sed consequuntur. Eos eos et labore a non.',1,1,'1987-03-19 16:35:12'),(98,18,33,'Dolores rerum tenetur vitae ea. Autem tempora corrupti dolorem reprehenderit harum voluptates.',1,1,'1970-03-14 04:46:55'),(99,8,43,'Repudiandae ipsa hic et nihil deleniti impedit. Et quasi magnam dolores ducimus libero quia. Voluptas laudantium voluptatem est et error. Libero sunt non qui explicabo.',0,1,'1983-12-16 22:36:57'),(100,90,20,'Est et numquam sed molestias. Et et tempore non aut sequi velit quas. Quo qui id possimus voluptas pariatur sint facere maxime. Architecto vel quia accusamus sint culpa et ut.',1,0,'2013-04-13 05:27:08');
/*!40000 ALTER TABLE `messages` ENABLE KEYS */;
UNLOCK TABLES;

--
-- Table structure for table `profiles`
--

DROP TABLE IF EXISTS `profiles`;
/*!40101 SET @saved_cs_client     = @@character_set_client */;
/*!50503 SET character_set_client = utf8mb4 */;
CREATE TABLE `profiles` (
  `user_id` int unsigned NOT NULL COMMENT '?????? ?? ????????????',
  `gender` char(1) CHARACTER SET utf8mb4 COLLATE utf8mb4_unicode_ci NOT NULL COMMENT '???',
  `birthday` date DEFAULT NULL COMMENT '???? ????????',
  `city` varchar(130) CHARACTER SET utf8mb4 COLLATE utf8mb4_unicode_ci DEFAULT NULL COMMENT '????? ??????????',
  `country` varchar(130) CHARACTER SET utf8mb4 COLLATE utf8mb4_unicode_ci DEFAULT NULL COMMENT '?????? ??????????',
  `last_login` datetime DEFAULT NULL COMMENT '????????? ???? ? ???????',
  `created_at` datetime DEFAULT CURRENT_TIMESTAMP COMMENT '????? ???????? ??????',
  `updated_at` datetime DEFAULT CURRENT_TIMESTAMP ON UPDATE CURRENT_TIMESTAMP COMMENT '????? ?????????? ??????',
  PRIMARY KEY (`user_id`)
) ENGINE=InnoDB DEFAULT CHARSET=utf8mb4 COLLATE=utf8mb4_unicode_ci COMMENT='???????';
/*!40101 SET character_set_client = @saved_cs_client */;

--
-- Dumping data for table `profiles`
--

LOCK TABLES `profiles` WRITE;
/*!40000 ALTER TABLE `profiles` DISABLE KEYS */;
INSERT INTO `profiles` VALUES (1,'','1994-08-15','East Kiarafort','Russian Fderation','2018-12-10 00:34:17','2020-06-21 20:49:49','2021-03-31 00:03:45'),(2,'','1985-12-20','Monahanhaven','Germany','1978-12-26 12:45:05','1982-08-14 06:22:21','2021-03-31 00:04:07'),(3,'','2009-11-20','South Alanna','Belarus','2005-08-01 14:24:37','1986-04-10 14:52:49','2021-03-31 00:04:07'),(4,'','2013-03-15','New Anne','Russian Fderation','2002-03-22 23:39:30','2002-11-29 00:11:46','2021-03-31 00:04:07'),(5,'','2003-12-07','Bergnaumbury','Russian Fderation','1977-04-12 22:45:31','1995-09-10 21:20:56','2021-03-31 00:04:07'),(6,'','1994-06-17','North Lucie','Russian Fderation','1980-11-30 12:32:15','1977-12-09 15:53:00','2021-03-31 00:04:07'),(7,'','1976-09-08','Heleneton','Belarus','1990-06-06 07:50:36','2001-06-21 13:21:53','2021-03-31 00:03:45'),(8,'','1996-06-21','Arnetown','Belarus','1977-09-16 12:52:22','1983-05-27 11:11:48','2021-03-31 00:04:07'),(9,'','1990-01-08','Mannchester','Belarus','1971-10-01 12:37:38','1996-05-07 20:21:29','2021-03-31 00:04:07'),(10,'','1995-04-23','Caleighstad','Germany','1989-10-27 09:02:36','2020-08-21 22:04:43','2021-03-31 00:04:07'),(11,'','2001-07-16','Port Helmer','Belarus','1982-05-11 06:19:25','1994-10-23 02:19:19','2021-03-31 00:04:07'),(12,'','2010-05-06','East Chaim','USA','2014-09-24 02:39:49','1976-05-25 15:51:16','2021-03-31 00:04:07'),(13,'','1998-03-13','New Hosea','Belarus','1993-07-16 13:58:56','1988-10-10 03:24:57','2021-03-31 00:03:45'),(14,'','2015-06-09','North Retta','USA','1983-08-25 19:57:08','1973-06-20 12:54:08','2021-03-31 00:03:45'),(15,'','1977-12-14','East Russel','USA','1982-04-22 14:06:10','2000-06-27 18:30:43','2021-03-31 00:03:45'),(16,'','1990-05-24','Murphymouth','Belarus','2005-05-04 09:29:20','2004-07-18 10:48:54','2021-03-31 00:04:07'),(17,'','1977-12-01','Port Noah','Germany','1988-08-16 07:31:25','2013-08-07 15:13:22','2021-03-31 00:04:07'),(18,'','2009-04-07','Port Alexzander','USA','1984-08-06 19:29:59','1979-03-27 03:14:09','2021-03-31 00:04:07'),(19,'','2017-04-04','Runolfssonmouth','Belarus','1980-07-10 02:36:36','1979-11-09 05:57:34','2021-03-31 00:04:07'),(20,'','2017-07-29','North Ellis','Germany','2011-05-18 18:39:07','2019-10-01 11:04:30','2021-03-31 00:04:07'),(21,'','1975-01-27','East Liliane','Belarus','1998-01-22 00:49:37','2008-03-21 02:50:38','2021-03-31 00:04:07'),(22,'','1985-10-31','Boscofort','USA','1973-11-26 23:29:42','1987-07-21 22:03:09','2021-03-31 00:04:07'),(23,'','1974-03-24','Concepcionmouth','Russian Fderation','1993-04-03 18:36:15','1991-04-22 04:29:10','2021-03-31 00:04:07'),(24,'','2008-03-22','West Eldridge','Germany','1972-07-21 19:18:37','2006-11-14 03:28:28','2021-03-31 00:04:07'),(25,'','1992-06-18','New Alexandraland','Russian Fderation','1989-05-27 18:21:29','2014-05-04 12:06:49','2021-03-31 00:04:07'),(26,'','2011-08-30','Port Marge','USA','2019-05-08 20:43:46','2018-04-20 12:52:30','2021-03-31 00:04:07'),(27,'','2002-09-09','Carrollview','Russian Fderation','2015-12-27 17:47:46','2001-11-22 02:53:28','2021-03-31 00:03:45'),(28,'','1986-01-21','South Roel','USA','2012-10-10 00:28:05','2002-04-21 07:29:30','2021-03-31 00:03:45'),(29,'','1983-10-07','South Melisaborough','Germany','1994-11-29 17:22:58','2005-08-01 13:03:07','2021-03-31 00:04:07'),(30,'','2008-05-25','North Oscar','Germany','2009-11-22 08:06:12','2008-07-29 01:22:44','2021-03-31 00:04:07'),(31,'','1994-09-10','Port Mariamview','Germany','2007-10-16 14:43:12','1987-03-06 12:22:14','2021-03-31 00:04:07'),(32,'','2010-07-24','Littlestad','Russian Fderation','1988-09-12 05:32:27','1995-07-05 23:51:07','2021-03-31 00:04:07'),(33,'','1977-01-22','East Lula','USA','2003-02-01 18:46:23','2000-01-02 18:07:11','2021-03-31 00:03:45'),(34,'','1999-06-17','Burdetteview','Germany','1993-11-25 18:18:12','2001-03-19 08:49:53','2021-03-31 00:04:07'),(35,'','1999-10-19','West Neoma','USA','2002-07-17 16:19:06','1970-06-02 06:29:37','2021-03-31 00:04:07'),(36,'','2014-09-02','Port Myrtiestad','USA','1979-09-21 12:17:11','2020-11-16 19:36:33','2021-03-31 00:03:45'),(37,'','2001-11-06','Murrayborough','Belarus','2001-02-22 23:49:58','1993-03-23 17:26:05','2021-03-31 00:04:07'),(38,'','1990-10-25','Lottiechester','Belarus','1981-04-11 17:27:17','1990-05-23 02:12:46','2021-03-31 00:03:45'),(39,'','1973-07-03','New Lillyfort','Germany','2016-03-11 23:28:37','1977-08-13 04:34:16','2021-03-31 00:04:07'),(40,'','1970-04-07','South Markbury','USA','1991-08-16 15:08:04','1987-09-01 02:04:56','2021-03-31 00:04:07'),(41,'','1971-06-27','North Fredericton','Russian Fderation','2000-01-01 21:06:34','1995-03-20 21:52:00','2021-03-31 00:04:07'),(42,'','2005-09-08','New Darren','Russian Fderation','2007-10-11 13:32:07','2013-12-04 07:15:01','2021-03-31 00:04:07'),(43,'','1985-07-20','Johnsstad','Germany','2019-01-07 12:48:10','2006-10-03 21:23:41','2021-03-31 00:04:07'),(44,'','1989-09-23','Zemlakshire','USA','2004-10-27 23:19:43','2009-05-23 03:04:18','2021-03-31 00:04:07'),(45,'','1971-05-06','Michelleville','USA','1980-08-21 05:27:11','1997-05-26 17:46:29','2021-03-31 00:04:07'),(46,'','1983-05-08','North Helmerview','Russian Fderation','2018-01-30 15:17:17','2006-10-14 11:33:55','2021-03-31 00:04:07'),(47,'','2002-03-18','South Fatimatown','Germany','1973-04-21 04:02:02','1988-06-03 14:29:41','2021-03-31 00:04:07'),(48,'','1986-12-15','Beiermouth','Belarus','1972-03-06 08:51:04','1995-02-14 22:03:08','2021-03-31 00:04:07'),(49,'','2003-05-19','Deronville','Russian Fderation','1976-04-04 14:48:53','1971-10-16 22:16:20','2021-03-31 00:04:07'),(50,'','2000-09-14','Lake Noemy','Germany','2011-12-31 21:08:51','1975-02-01 22:38:27','2021-03-31 00:04:07'),(51,'','1996-12-29','Lake Sven','USA','2012-03-02 12:16:19','1991-02-28 02:26:57','2021-03-31 00:03:45'),(52,'','2013-06-11','Framihaven','Russian Fderation','1996-06-11 02:25:17','2008-09-18 13:48:46','2021-03-31 00:04:07'),(53,'','1982-02-09','Kosshaven','Russian Fderation','1971-05-23 23:18:08','2018-01-10 21:43:26','2021-03-31 00:04:07'),(54,'','1987-12-07','North Katelyn','Belarus','1980-07-06 10:05:08','1994-02-23 02:51:45','2021-03-31 00:04:07'),(55,'','2005-06-10','Hammeston','Germany','2018-04-22 22:28:32','1973-07-10 05:55:36','2021-03-31 00:03:45'),(56,'','1989-07-15','Schadenborough','Russian Fderation','2007-03-15 00:54:38','2013-10-13 02:37:37','2021-03-31 00:03:45'),(57,'','1973-07-21','Ariannaville','USA','1986-03-04 01:19:43','1970-03-08 13:01:51','2021-03-31 00:04:07'),(58,'','2007-12-18','New Rozellaville','USA','2012-11-24 21:02:56','1984-10-24 13:56:54','2021-03-31 00:04:07'),(59,'','2009-10-24','Cindyborough','Russian Fderation','1977-11-18 17:28:30','2000-10-12 15:55:30','2021-03-31 00:04:07'),(60,'','1988-03-25','East Caleton','Russian Fderation','2002-06-09 04:47:29','1999-10-22 22:34:34','2021-03-31 00:04:07'),(61,'','1972-10-28','New Pablomouth','Belarus','2012-12-05 17:27:44','1996-12-09 04:26:55','2021-03-31 00:04:07'),(62,'','2012-04-20','South Amalialand','Germany','1977-08-10 08:39:46','1993-04-04 03:46:00','2021-03-31 00:04:07'),(63,'','1973-05-24','Hoppeburgh','Russian Fderation','1989-04-11 16:49:19','2004-03-13 09:02:42','2021-03-31 00:04:07'),(64,'','2007-07-05','Ezequieltown','Russian Fderation','1976-07-28 00:56:09','2016-03-14 10:56:05','2021-03-31 00:03:45'),(65,'','1976-02-12','Port Velma','USA','2002-02-23 04:35:39','2004-10-24 09:04:50','2021-03-31 00:04:07'),(66,'','1987-03-11','Tryciaton','USA','2017-11-18 07:32:32','2004-02-15 03:41:00','2021-03-31 00:04:07'),(67,'','2003-06-03','Andreton','Russian Fderation','1975-11-13 21:55:55','1970-04-18 19:45:20','2021-03-31 00:03:45'),(68,'','1990-12-20','Caterinamouth','Russian Fderation','1997-01-11 23:45:51','2018-03-23 12:26:41','2021-03-31 00:03:45'),(69,'','1998-10-28','Lake Jerrold','Belarus','1980-02-19 22:23:52','1982-07-03 22:38:33','2021-03-31 00:04:07'),(70,'','1975-12-27','Lake Raphaelle','Germany','1991-01-04 22:00:27','1984-11-26 21:01:48','2021-03-31 00:04:07'),(71,'','2008-12-25','Port Vernon','Belarus','1980-05-07 02:24:02','1989-03-02 02:54:53','2021-03-31 00:04:07'),(72,'','1993-03-29','Buckborough','USA','1972-10-24 18:21:32','1979-11-07 05:55:17','2021-03-31 00:04:07'),(73,'','2009-01-11','South Enriqueberg','Russian Fderation','1997-09-30 07:36:12','1980-03-05 17:35:35','2021-03-31 00:04:07'),(74,'','1998-02-08','North Murray','Germany','1986-01-15 04:51:41','1985-04-25 06:59:35','2021-03-31 00:04:07'),(75,'','1974-03-15','New Santino','Germany','1974-09-02 10:30:33','1971-08-19 11:56:15','2021-03-31 00:04:07'),(76,'','2011-11-29','Osbornebury','Germany','1988-06-13 04:17:12','2002-12-10 09:43:45','2021-03-31 00:04:07'),(77,'','2019-07-17','Loraborough','USA','1991-06-25 17:35:24','1985-05-29 01:44:02','2021-03-31 00:04:07'),(78,'','2015-04-11','Violaburgh','Russian Fderation','1985-12-30 02:16:55','2003-02-26 13:21:02','2021-03-31 00:03:45'),(79,'','1974-01-24','Arnofurt','USA','2013-07-30 09:20:59','1992-04-01 00:11:08','2021-03-31 00:04:07'),(80,'','2017-02-05','West Nellie','Belarus','2010-02-16 22:10:16','2010-01-11 11:55:25','2021-03-31 00:03:45'),(81,'','1982-07-16','Lavernetown','Belarus','1999-07-04 14:36:20','1970-11-19 13:37:46','2021-03-31 00:03:45'),(82,'','2007-06-28','Moseport','Belarus','1993-05-29 19:11:20','1996-10-22 02:45:42','2021-03-31 00:03:45'),(83,'','1995-09-23','Jaymefurt','USA','1984-06-24 21:40:05','2009-02-28 12:38:43','2021-03-31 00:03:45'),(84,'','1999-08-04','Oscarshire','Russian Fderation','1986-04-20 23:41:08','2021-01-19 15:02:39','2021-03-31 00:04:07'),(85,'','1986-06-16','South Gracie','Germany','1975-07-20 10:45:32','1998-01-11 16:46:44','2021-03-31 00:04:07'),(86,'','1984-04-10','New Myrna','USA','1976-12-12 04:53:05','2016-12-19 23:36:57','2021-03-31 00:04:07'),(87,'','1998-10-23','Schmidtview','USA','1993-02-09 18:34:58','1978-02-26 08:16:53','2021-03-31 00:03:45'),(88,'','1985-11-28','Framimouth','Russian Fderation','2011-11-24 05:53:41','1997-11-21 09:28:00','2021-03-31 00:04:07'),(89,'','1996-09-17','Schuppeview','Russian Fderation','2006-10-05 22:26:03','1996-07-24 10:31:44','2021-03-31 00:04:07'),(90,'','1971-09-17','Leuschkeville','Germany','1980-07-03 02:21:07','2010-06-04 09:35:06','2021-03-31 00:04:07'),(91,'','1984-05-29','Boyerville','Russian Fderation','2014-11-28 11:22:58','1989-09-30 19:48:04','2021-03-31 00:04:07'),(92,'','2020-01-24','North Reuben','Russian Fderation','1988-05-25 16:49:25','2007-09-08 11:42:39','2021-03-31 00:03:45'),(93,'','1981-10-29','Hailiechester','Belarus','1991-02-05 12:54:32','2016-01-06 22:00:32','2021-03-31 00:04:07'),(94,'','1972-03-13','East Pearlshire','USA','2019-10-31 04:04:03','2013-01-12 20:54:26','2021-03-31 00:04:07'),(95,'','2007-06-16','Carleeton','Russian Fderation','1981-07-24 12:34:16','1987-11-29 07:07:48','2021-03-31 00:04:07'),(96,'','1995-06-15','Mosciskiburgh','Germany','1970-09-18 19:23:43','2016-05-28 21:37:16','2021-03-31 00:03:45'),(97,'','1991-11-23','Lake Allisonville','Germany','2018-05-18 03:57:36','1990-06-25 13:22:20','2021-03-31 00:04:07'),(98,'','2021-03-29','West Asialand','Germany','2009-09-02 01:08:24','1992-10-31 00:46:48','2021-03-31 00:03:45'),(99,'','2008-06-30','Rowestad','Russian Fderation','2005-04-29 16:11:09','1971-05-30 23:00:13','2021-03-31 00:04:07'),(100,'','1988-01-26','Port Aurore','USA','1972-01-20 23:27:04','1997-12-08 20:20:36','2021-03-31 00:04:07');
/*!40000 ALTER TABLE `profiles` ENABLE KEYS */;
UNLOCK TABLES;

--
-- Table structure for table `users`
--

DROP TABLE IF EXISTS `users`;
/*!40101 SET @saved_cs_client     = @@character_set_client */;
/*!50503 SET character_set_client = utf8mb4 */;
CREATE TABLE `users` (
  `id` int unsigned NOT NULL AUTO_INCREMENT COMMENT '????????????? ??????',
  `first_name` varchar(100) CHARACTER SET utf8mb4 COLLATE utf8mb4_unicode_ci NOT NULL COMMENT '??? ????????????',
  `last_name` varchar(100) CHARACTER SET utf8mb4 COLLATE utf8mb4_unicode_ci NOT NULL COMMENT '??????? ????????????',
  `email` varchar(100) CHARACTER SET utf8mb4 COLLATE utf8mb4_unicode_ci NOT NULL COMMENT '?????',
  `phone` varchar(100) CHARACTER SET utf8mb4 COLLATE utf8mb4_unicode_ci NOT NULL COMMENT '???????',
  `created_at` datetime DEFAULT CURRENT_TIMESTAMP COMMENT '????? ???????? ??????',
  `updated_at` datetime DEFAULT CURRENT_TIMESTAMP ON UPDATE CURRENT_TIMESTAMP COMMENT '????? ?????????? ??????',
  PRIMARY KEY (`id`),
  UNIQUE KEY `email` (`email`),
  UNIQUE KEY `phone` (`phone`)
) ENGINE=InnoDB AUTO_INCREMENT=101 DEFAULT CHARSET=utf8mb4 COLLATE=utf8mb4_unicode_ci COMMENT='????????????';
/*!40101 SET character_set_client = @saved_cs_client */;

--
-- Dumping data for table `users`
--

LOCK TABLES `users` WRITE;
/*!40000 ALTER TABLE `users` DISABLE KEYS */;
INSERT INTO `users` VALUES (1,'Lori','Nitzsche','daphnee.wehner@example.com','316.877.5989x134','1989-02-03 17:36:33','2021-03-30 23:58:48'),(2,'Kristoffer','Greenfelder','jheidenreich@example.org','(543)988-5044','1995-12-26 16:38:04','2021-03-30 23:58:48'),(3,'Sylvester','Vandervort','lhackett@example.org','365-166-8165','2000-10-14 08:56:45','2021-03-30 23:58:48'),(4,'Anika','Raynor','alanna14@example.net','658-688-8728x527','2003-07-05 03:08:05','2021-03-30 23:58:48'),(5,'Roberta','Sanford','imelda16@example.org','007.492.5216x94513','2006-11-16 18:12:17','2012-11-18 16:34:28'),(6,'Flo','Luettgen','mayert.lupe@example.net','770.484.8997x462','2012-12-30 01:06:08','2021-03-30 23:58:48'),(7,'Mercedes','Champlin','elza85@example.com','+19(2)1195252668','2020-10-30 06:56:30','2021-03-30 23:58:48'),(8,'Sydney','Blanda','shyanne05@example.com','549-194-4565x67613','2017-03-14 21:07:43','2021-03-30 23:58:48'),(9,'Diego','O\'Reilly','hammes.ressie@example.org','060-138-6966','1982-12-10 12:23:31','2021-03-30 23:58:48'),(10,'Aida','Ankunding','darwin.tillman@example.com','(632)873-3321x6272','2013-08-06 20:19:14','2021-03-30 23:58:48'),(11,'Afton','Graham','giovani.powlowski@example.net','1-336-843-6588x380','2001-12-29 04:18:45','2004-06-15 05:14:14'),(12,'Ron','Hilpert','douglas.alexandria@example.com','07324362713','2005-11-27 04:07:44','2018-12-06 04:45:35'),(13,'Jeramy','Dibbert','douglas.pasquale@example.org','00131873066','2015-07-16 09:37:00','2021-03-30 23:58:48'),(14,'Salvador','Collier','daphne.murazik@example.org','012.270.8244','1988-07-25 12:20:01','2004-12-18 19:01:28'),(15,'Mossie','Moore','quigley.aniyah@example.net','048.892.1502x52963','1995-05-16 21:42:45','2021-03-30 23:58:48'),(16,'Juliet','Schmidt','hortense66@example.net','1-441-770-7395x4406','2014-05-13 03:48:48','2021-03-30 23:58:48'),(17,'Rasheed','Parker','jwolf@example.org','1-167-672-6571x209','1993-10-08 04:01:03','2021-03-30 23:58:48'),(18,'Wilhelmine','Osinski','bailee.carter@example.com','376.205.6808x5983','1996-09-05 00:51:29','2016-02-05 04:55:45'),(19,'Ashlee','Hayes','ywalsh@example.net','730.452.4085','2015-10-24 00:15:54','2021-03-30 23:58:48'),(20,'Lisandro','Schuppe','trevion16@example.com','02213930131','2001-01-22 08:03:57','2021-03-30 23:58:48'),(21,'Elwin','King','tillman.marvin@example.org','894-238-8913','2013-08-21 19:47:58','2021-03-30 23:58:48'),(22,'Reece','Howell','hoppe.philip@example.net','02574731728','1980-08-17 13:29:36','2021-03-30 23:58:48'),(23,'Annette','Ondricka','maria.hand@example.com','(682)228-2548','1984-04-29 13:31:13','2021-03-30 23:58:48'),(24,'Glen','Hahn','della.reichert@example.org','942.373.9945x030','1990-05-02 01:36:55','1994-01-27 06:25:20'),(25,'Harold','Jaskolski','jennie.carter@example.com','1-932-753-1591x1807','1995-01-01 23:22:56','2021-03-30 23:58:48'),(26,'Crystal','Kessler','ostreich@example.net','030.183.4811x40039','2017-10-18 15:38:19','2021-03-30 23:58:48'),(27,'Presley','Jaskolski','nhalvorson@example.net','1-614-539-8877x921','2002-05-03 10:16:08','2021-03-30 23:58:48'),(28,'Okey','Johns','victor.hettinger@example.com','(650)747-3929x8880','2014-08-16 00:06:19','2021-03-30 23:58:48'),(29,'Chad','Sawayn','o\'hara.cordia@example.net','1-641-678-8678x69763','1982-03-17 17:42:27','2021-03-30 23:58:48'),(30,'Ruben','Abshire','nwhite@example.com','1-065-535-2699','1970-12-03 06:03:55','1981-04-05 06:58:41'),(31,'Meagan','Cartwright','meaghan.carroll@example.com','422-292-8416','1997-08-30 03:00:56','2006-07-04 13:19:48'),(32,'Sherman','Dooley','kcassin@example.com','1-111-703-3003','1972-10-20 23:03:22','1997-05-09 09:39:03'),(33,'Murray','Schroeder','quinton74@example.net','377-205-4353x92755','1980-05-09 00:21:46','1982-04-20 03:25:55'),(34,'Roel','Trantow','hheidenreich@example.org','1-720-819-0994','2017-05-26 18:32:31','2019-07-03 15:46:28'),(35,'Naomi','Gulgowski','schoen.orlando@example.com','678.727.6527x866','2015-06-16 23:23:50','2021-03-30 23:58:48'),(36,'Osvaldo','Windler','veum.sadye@example.net','370-616-3324x258','1991-10-01 04:59:52','2004-09-22 04:39:06'),(37,'Shania','Bartoletti','swilkinson@example.org','+38(9)0573656105','1985-07-11 12:41:28','2021-03-30 23:58:48'),(38,'Berneice','Davis','lwyman@example.org','+82(2)9421812457','2011-02-27 22:16:45','2021-03-30 23:58:48'),(39,'Lambert','Gaylord','maiya75@example.com','258.546.7504','1975-10-14 11:24:21','2011-01-26 02:36:11'),(40,'Mozelle','Hyatt','yoshiko83@example.org','677.353.1813','1976-06-01 11:23:18','2015-05-25 21:46:29'),(41,'Eric','Ward','hagenes.bell@example.net','(024)590-5182','1976-03-28 16:59:56','2010-07-08 02:40:37'),(42,'Else','Borer','adell.luettgen@example.net','869-411-5208x311','2014-03-14 04:46:57','2021-03-30 23:58:48'),(43,'Francisca','Rice','kunze.rosanna@example.com','00031468940','1999-10-31 00:31:21','2021-03-30 23:58:48'),(44,'Thora','Upton','waelchi.skylar@example.com','1-694-825-6155','1989-06-19 01:22:32','2021-03-30 23:58:48'),(45,'Brandi','Kshlerin','zswaniawski@example.com','649-938-4457x222','1975-05-01 09:29:48','2019-07-17 13:18:31'),(46,'Alexane','Gerhold','gerhold.abbie@example.com','(048)882-6018x45880','1986-05-24 21:43:22','2021-03-30 23:58:48'),(47,'Cleta','Kemmer','konopelski.melyna@example.com','(070)841-7494','1978-10-09 20:45:05','2021-03-30 23:58:48'),(48,'Waino','Turcotte','oaufderhar@example.com','+27(0)0099712066','1996-11-09 05:34:31','1997-03-18 21:46:21'),(49,'Fleta','Deckow','cleo70@example.org','292.231.5859','2005-01-11 18:31:42','2021-03-30 23:58:48'),(50,'Carrie','Johnson','bernard35@example.com','(323)035-8510','1974-08-20 22:15:16','1989-06-08 06:42:53'),(51,'Calista','Simonis','mike36@example.com','910.832.8651x97805','1988-05-26 01:05:07','1990-08-20 02:47:36'),(52,'Sasha','Herzog','schultz.carol@example.net','116-094-1617x711','1987-12-22 09:16:25','2021-03-30 23:58:48'),(53,'Georgiana','Ryan','oda.klocko@example.com','(764)448-9326','1994-07-20 23:04:33','2021-03-30 23:58:48'),(54,'Wilfredo','Jones','vandervort.darrion@example.com','+44(8)1714652427','1986-02-28 01:27:44','2021-03-30 23:58:48'),(55,'Haleigh','Turcotte','shaun25@example.org','+27(4)5447735410','1976-05-29 23:01:50','2004-11-06 21:46:32'),(56,'Lori','Stoltenberg','arthur.wuckert@example.net','(079)139-9729x11889','2015-10-10 17:20:49','2021-03-30 23:58:48'),(57,'Jaeden','Reichel','tyreek61@example.net','225-678-4613x7621','1975-10-07 08:58:18','2018-12-29 23:05:20'),(58,'Grover','Padberg','clangworth@example.net','891.858.4062','1971-12-23 06:56:15','2018-02-28 04:52:20'),(59,'Hilma','Schmitt','goldner.destiney@example.com','03782231557','1994-11-28 17:23:37','2021-03-30 23:58:48'),(60,'Matilda','Romaguera','cooper.abshire@example.net','200.355.6912','2013-04-06 17:33:00','2021-03-30 23:58:48'),(61,'Flavie','Collins','elna12@example.net','1-883-479-9176x31620','1980-04-24 07:34:06','1988-06-01 15:08:05'),(62,'Emory','Beer','white.brandy@example.net','850-425-6753x2575','1975-03-17 14:28:06','1996-09-06 21:41:49'),(63,'Lamar','Boyle','kamryn.paucek@example.net','1-744-487-3785','1976-05-14 06:00:33','2021-03-30 23:58:48'),(64,'Zion','Fahey','della.beier@example.org','622-453-6540','1978-09-24 11:23:53','2007-07-18 10:51:37'),(65,'Bernardo','Crist','jackeline.yost@example.org','08141613259','1974-02-16 07:30:13','1996-09-29 17:41:24'),(66,'Bridget','Kuhlman','ytoy@example.net','208.733.0497','1984-10-22 12:46:58','2021-03-30 23:58:48'),(67,'Camryn','Runolfsdottir','howell.reta@example.net','539.337.7365x83180','2008-02-09 01:48:59','2021-03-30 23:58:48'),(68,'Jon','Lakin','johnston.nathan@example.net','01362411955','1983-03-22 15:09:05','2021-03-30 23:58:48'),(69,'Mathew','Hintz','conn.lucie@example.net','1-343-014-9712','1999-06-23 04:41:50','2021-03-30 23:58:48'),(70,'Catharine','Sawayn','gabrielle.smitham@example.org','1-489-794-7681','2014-06-25 06:32:19','2021-03-30 23:58:48'),(71,'Dewitt','Hickle','stella93@example.net','1-179-314-4557','2004-12-21 02:39:05','2021-03-30 23:58:48'),(72,'Dominic','Konopelski','ggraham@example.org','290-893-7586','1990-07-21 10:04:39','2017-09-03 08:10:24'),(73,'Melyna','Mayert','lschuster@example.com','00054337998','2003-11-18 11:28:26','2007-12-22 18:43:02'),(74,'Lauren','Corwin','ethyl41@example.net','(279)750-6301','1983-08-10 21:23:43','1985-05-15 15:39:57'),(75,'Garry','Simonis','romaguera.tessie@example.net','1-140-416-4860','2013-07-14 06:58:02','2021-03-30 23:58:48'),(76,'Jameson','Schmitt','turner.elenor@example.net','(813)835-6533x543','1998-12-16 09:11:38','2004-09-05 18:45:57'),(77,'Fiona','Schulist','padberg.kathleen@example.org','833-949-2642x74826','1992-06-21 21:58:10','2004-12-29 10:08:23'),(78,'Elmira','Herzog','ocrona@example.org','669-381-1628x621','1970-05-12 04:28:04','1981-06-15 18:17:54'),(79,'Chanel','Hammes','mante.amani@example.org','(540)556-2336','2001-12-08 20:30:13','2021-03-30 23:58:48'),(80,'Logan','Mitchell','fabiola14@example.com','917-262-5569x9084','1985-06-22 07:42:24','1998-12-16 20:42:57'),(81,'Edgardo','Mayert','frath@example.org','1-902-162-7914x33824','1983-05-07 15:04:19','2015-07-31 04:45:19'),(82,'Kayli','Nitzsche','catherine44@example.net','467-719-8548','1982-02-08 11:55:59','2008-03-10 08:51:33'),(83,'Golda','Beier','salvador.koelpin@example.org','(085)032-1950x2923','1997-11-20 05:57:41','2021-03-30 23:58:48'),(84,'Alene','Vandervort','mitchell.elsa@example.com','968-842-9587','2002-05-07 05:50:47','2016-01-06 03:14:33'),(85,'Earl','Rath','mann.adrian@example.org','(565)859-8580x574','2020-09-01 16:20:27','2021-03-30 23:58:48'),(86,'Earnestine','Daniel','fdicki@example.net','01609112744','2001-06-14 22:35:41','2021-03-30 23:58:48'),(87,'Keyon','Bayer','kiehn.reilly@example.com','(942)526-3222x70676','2016-09-03 23:19:46','2021-03-30 23:58:48'),(88,'Mac','Abbott','camille96@example.net','(218)762-0571','2002-05-06 22:24:43','2021-03-30 23:58:48'),(89,'Jeanie','Haag','koelpin.rosendo@example.net','1-523-634-9826','2012-02-27 18:24:08','2021-03-30 23:58:48'),(90,'Gaston','Mitchell','violette50@example.net','+95(9)1482517065','2009-12-22 19:30:22','2021-03-30 23:58:48'),(91,'Nina','Ankunding','eschuster@example.com','389-711-3352x75662','1988-06-18 22:40:35','2021-03-30 23:58:48'),(92,'Vivian','Kuphal','macy.schiller@example.net','216.658.4179x756','1995-07-31 17:58:18','2021-03-30 23:58:48'),(93,'Lonzo','Rodriguez','dach.jerome@example.net','862-054-1924','1990-09-11 06:20:48','2021-03-30 23:58:48'),(94,'Issac','Breitenberg','bergstrom.anabel@example.com','538.325.6539x9749','1978-11-08 21:37:08','1996-03-26 22:43:38'),(95,'Abbie','Hauck','brent.moore@example.net','(592)956-2296x97560','1997-03-18 22:04:11','2006-07-31 03:21:25'),(96,'Ruth','Kiehn','noble.powlowski@example.com','647.685.8089','2002-04-09 22:35:59','2021-03-30 23:58:48'),(97,'Erika','Miller','barrows.sylvia@example.net','(204)823-4197x226','2009-03-10 23:33:21','2021-03-30 23:58:48'),(98,'Camille','Weber','damien.langosh@example.net','+85(5)7631887482','1979-04-10 11:49:33','2008-01-18 22:02:49'),(99,'Patricia','Wilkinson','ospencer@example.com','07960975389','1990-10-06 03:39:04','2001-10-22 14:06:55'),(100,'Abdullah','Douglas','hansen.abdiel@example.net','1-199-412-9292x943','1989-06-19 16:40:35','2004-06-09 06:42:23');
/*!40000 ALTER TABLE `users` ENABLE KEYS */;
UNLOCK TABLES;
/*!40103 SET TIME_ZONE=@OLD_TIME_ZONE */;

/*!40101 SET SQL_MODE=@OLD_SQL_MODE */;
/*!40014 SET FOREIGN_KEY_CHECKS=@OLD_FOREIGN_KEY_CHECKS */;
/*!40014 SET UNIQUE_CHECKS=@OLD_UNIQUE_CHECKS */;
/*!40101 SET CHARACTER_SET_CLIENT=@OLD_CHARACTER_SET_CLIENT */;
/*!40101 SET CHARACTER_SET_RESULTS=@OLD_CHARACTER_SET_RESULTS */;
/*!40101 SET COLLATION_CONNECTION=@OLD_COLLATION_CONNECTION */;
/*!40111 SET SQL_NOTES=@OLD_SQL_NOTES */;

-- Dump completed on 2021-03-31  0:04:52
